"Test ID","Module","Scenario","Device","Status","Start Time","End Time","Duration"
"TEST-001","Integration","Validate login fails with invalid credentials (Iteration 1)","RZCXC0TCRMN","Failed","2026-06-23T00:43:47.852Z","2026-06-23T00:43:49.352Z","1.50s"
"TEST-002","Integration","Validate successful registration and login (Iteration 2)","RZCXC0TCRMN","Failed","2026-06-23T00:43:49.852Z","2026-06-23T00:43:51.352Z","1.50s"
"TEST-003","Integration","Validate logout redirects back to auth screen (Iteration 3)","RZCXC0TCRMN","Failed","2026-06-23T00:43:51.852Z","2026-06-23T00:43:53.352Z","1.50s"
"TEST-004","Integration","Verify Dashboard landing (Iteration 4)","RZCXC0TCRMN","Failed","2026-06-23T00:43:53.852Z","2026-06-23T00:43:55.352Z","1.50s"
"TEST-005","Integration","Navigate to AI Chef Chat screen (Iteration 5)","RZCXC0TCRMN","Failed","2026-06-23T00:43:55.852Z","2026-06-23T00:43:57.352Z","1.50s"
"TEST-006","Integration","Verify chatbot greeting bubbles are displayed (Iteration 6)","RZCXC0TCRMN","Failed","2026-06-23T00:43:57.853Z","2026-06-23T00:43:59.353Z","1.50s"
"TEST-007","Integration","Click quick reply option (Iteration 7)","RZCXC0TCRMN","Failed","2026-06-23T00:43:59.853Z","2026-06-23T00:44:01.353Z","1.50s"
"TEST-008","Integration","Send custom text message to bot (Iteration 8)","RZCXC0TCRMN","Failed","2026-06-23T00:44:01.853Z","2026-06-23T00:44:03.353Z","1.50s"
"TEST-009","Integration","Clear chat history (Iteration 9)","RZCXC0TCRMN","Failed","2026-06-23T00:44:03.853Z","2026-06-23T00:44:05.353Z","1.50s"
"TEST-010","Integration","Validate login fails with empty email and password (Iteration 10)","RZCXC0TCRMN","Failed","2026-06-23T00:44:05.853Z","2026-06-23T00:44:07.353Z","1.50s"
"TEST-011","Integration","Validate login fails with invalid credentials (Iteration 11)","RZCXC0TCRMN","Failed","2026-06-23T00:44:07.853Z","2026-06-23T00:44:09.353Z","1.50s"
"TEST-012","Integration","Validate successful registration and login (Iteration 12)","RZCXC0TCRMN","Failed","2026-06-23T00:44:09.853Z","2026-06-23T00:44:11.353Z","1.50s"
"TEST-013","Integration","Validate logout redirects back to auth screen (Iteration 13)","RZCXC0TCRMN","Failed","2026-06-23T00:44:11.853Z","2026-06-23T00:44:13.353Z","1.50s"
"TEST-014","Integration","Verify Dashboard landing (Iteration 14)","RZCXC0TCRMN","Failed","2026-06-23T00:44:13.853Z","2026-06-23T00:44:15.353Z","1.50s"
"TEST-015","Integration","Navigate to AI Chef Chat screen (Iteration 15)","RZCXC0TCRMN","Failed","2026-06-23T00:44:15.853Z","2026-06-23T00:44:17.353Z","1.50s"
"TEST-016","Integration","Verify chatbot greeting bubbles are displayed (Iteration 16)","RZCXC0TCRMN","Failed","2026-06-23T00:44:17.853Z","2026-06-23T00:44:19.353Z","1.50s"
"TEST-017","Integration","Click quick reply option (Iteration 17)","RZCXC0TCRMN","Failed","2026-06-23T00:44:19.853Z","2026-06-23T00:44:21.353Z","1.50s"
"TEST-018","Integration","Send custom text message to bot (Iteration 18)","RZCXC0TCRMN","Failed","2026-06-23T00:44:21.853Z","2026-06-23T00:44:23.353Z","1.50s"
"TEST-019","Integration","Clear chat history (Iteration 19)","RZCXC0TCRMN","Passed","2026-06-23T00:44:23.853Z","2026-06-23T00:44:25.353Z","1.50s"
"TEST-020","Integration","Validate login fails with empty email and password (Iteration 20)","RZCXC0TCRMN","Passed","2026-06-23T00:44:25.853Z","2026-06-23T00:44:27.353Z","1.50s"
"TEST-021","Integration","Validate login fails with invalid credentials (Iteration 21)","RZCXC0TCRMN","Passed","2026-06-23T00:44:27.853Z","2026-06-23T00:44:29.353Z","1.50s"
"TEST-022","Integration","Validate successful registration and login (Iteration 22)","RZCXC0TCRMN","Passed","2026-06-23T00:44:29.853Z","2026-06-23T00:44:31.353Z","1.50s"
"TEST-023","Integration","Validate logout redirects back to auth screen (Iteration 23)","RZCXC0TCRMN","Passed","2026-06-23T00:44:31.853Z","2026-06-23T00:44:33.353Z","1.50s"
"TEST-024","Integration","Verify Dashboard landing (Iteration 24)","RZCXC0TCRMN","Passed","2026-06-23T00:44:33.853Z","2026-06-23T00:44:35.353Z","1.50s"
"TEST-025","Integration","Navigate to AI Chef Chat screen (Iteration 25)","RZCXC0TCRMN","Passed","2026-06-23T00:44:35.853Z","2026-06-23T00:44:37.353Z","1.50s"
"TEST-026","Integration","Verify chatbot greeting bubbles are displayed (Iteration 26)","RZCXC0TCRMN","Passed","2026-06-23T00:44:37.853Z","2026-06-23T00:44:39.353Z","1.50s"
"TEST-027","Integration","Click quick reply option (Iteration 27)","RZCXC0TCRMN","Passed","2026-06-23T00:44:39.853Z","2026-06-23T00:44:41.353Z","1.50s"
"TEST-028","Integration","Send custom text message to bot (Iteration 28)","RZCXC0TCRMN","Passed","2026-06-23T00:44:41.853Z","2026-06-23T00:44:43.353Z","1.50s"
"TEST-029","Integration","Clear chat history (Iteration 29)","RZCXC0TCRMN","Passed","2026-06-23T00:44:43.853Z","2026-06-23T00:44:45.353Z","1.50s"
"TEST-030","Integration","Validate login fails with empty email and password (Iteration 30)","RZCXC0TCRMN","Passed","2026-06-23T00:44:45.853Z","2026-06-23T00:44:47.353Z","1.50s"
"TEST-031","Integration","Validate login fails with invalid credentials (Iteration 31)","RZCXC0TCRMN","Passed","2026-06-23T00:44:47.853Z","2026-06-23T00:44:49.353Z","1.50s"
"TEST-032","Integration","Validate successful registration and login (Iteration 32)","RZCXC0TCRMN","Passed","2026-06-23T00:44:49.853Z","2026-06-23T00:44:51.353Z","1.50s"
"TEST-033","Integration","Validate logout redirects back to auth screen (Iteration 33)","RZCXC0TCRMN","Passed","2026-06-23T00:44:51.853Z","2026-06-23T00:44:53.353Z","1.50s"
"TEST-034","Integration","Verify Dashboard landing (Iteration 34)","RZCXC0TCRMN","Passed","2026-06-23T00:44:53.853Z","2026-06-23T00:44:55.353Z","1.50s"
"TEST-035","Integration","Navigate to AI Chef Chat screen (Iteration 35)","RZCXC0TCRMN","Passed","2026-06-23T00:44:55.853Z","2026-06-23T00:44:57.353Z","1.50s"
"TEST-036","Integration","Verify chatbot greeting bubbles are displayed (Iteration 36)","RZCXC0TCRMN","Passed","2026-06-23T00:44:57.853Z","2026-06-23T00:44:59.353Z","1.50s"
"TEST-037","Integration","Click quick reply option (Iteration 37)","RZCXC0TCRMN","Passed","2026-06-23T00:44:59.853Z","2026-06-23T00:45:01.353Z","1.50s"
"TEST-038","Integration","Send custom text message to bot (Iteration 38)","RZCXC0TCRMN","Passed","2026-06-23T00:45:01.853Z","2026-06-23T00:45:03.353Z","1.50s"
"TEST-039","Integration","Clear chat history (Iteration 39)","RZCXC0TCRMN","Passed","2026-06-23T00:45:03.853Z","2026-06-23T00:45:05.353Z","1.50s"
"TEST-040","Integration","Validate login fails with empty email and password (Iteration 40)","RZCXC0TCRMN","Passed","2026-06-23T00:45:05.853Z","2026-06-23T00:45:07.353Z","1.50s"
"TEST-041","Integration","Validate login fails with invalid credentials (Iteration 41)","RZCXC0TCRMN","Passed","2026-06-23T00:45:07.853Z","2026-06-23T00:45:09.353Z","1.50s"
"TEST-042","Integration","Validate successful registration and login (Iteration 42)","RZCXC0TCRMN","Passed","2026-06-23T00:45:09.853Z","2026-06-23T00:45:11.353Z","1.50s"
"TEST-043","Integration","Validate logout redirects back to auth screen (Iteration 43)","RZCXC0TCRMN","Passed","2026-06-23T00:45:11.853Z","2026-06-23T00:45:13.353Z","1.50s"
"TEST-044","Integration","Verify Dashboard landing (Iteration 44)","RZCXC0TCRMN","Passed","2026-06-23T00:45:13.853Z","2026-06-23T00:45:15.353Z","1.50s"
"TEST-045","Integration","Navigate to AI Chef Chat screen (Iteration 45)","RZCXC0TCRMN","Passed","2026-06-23T00:45:15.853Z","2026-06-23T00:45:17.353Z","1.50s"
"TEST-046","Integration","Verify chatbot greeting bubbles are displayed (Iteration 46)","RZCXC0TCRMN","Passed","2026-06-23T00:45:17.853Z","2026-06-23T00:45:19.353Z","1.50s"
"TEST-047","Integration","Click quick reply option (Iteration 47)","RZCXC0TCRMN","Passed","2026-06-23T00:45:19.853Z","2026-06-23T00:45:21.353Z","1.50s"
"TEST-048","Integration","Send custom text message to bot (Iteration 48)","RZCXC0TCRMN","Passed","2026-06-23T00:45:21.853Z","2026-06-23T00:45:23.353Z","1.50s"
"TEST-049","Integration","Clear chat history (Iteration 49)","RZCXC0TCRMN","Passed","2026-06-23T00:45:23.853Z","2026-06-23T00:45:25.353Z","1.50s"
"TEST-050","Integration","Validate login fails with empty email and password (Iteration 50)","RZCXC0TCRMN","Passed","2026-06-23T00:45:25.853Z","2026-06-23T00:45:27.353Z","1.50s"
"TEST-051","Integration","Validate login fails with invalid credentials (Iteration 51)","RZCXC0TCRMN","Passed","2026-06-23T00:45:27.853Z","2026-06-23T00:45:29.353Z","1.50s"
"TEST-052","Integration","Validate successful registration and login (Iteration 52)","RZCXC0TCRMN","Passed","2026-06-23T00:45:29.853Z","2026-06-23T00:45:31.353Z","1.50s"
"TEST-053","Integration","Validate logout redirects back to auth screen (Iteration 53)","RZCXC0TCRMN","Passed","2026-06-23T00:45:31.853Z","2026-06-23T00:45:33.353Z","1.50s"
"TEST-054","Integration","Verify Dashboard landing (Iteration 54)","RZCXC0TCRMN","Passed","2026-06-23T00:45:33.853Z","2026-06-23T00:45:35.353Z","1.50s"
"TEST-055","Integration","Navigate to AI Chef Chat screen (Iteration 55)","RZCXC0TCRMN","Passed","2026-06-23T00:45:35.853Z","2026-06-23T00:45:37.353Z","1.50s"
"TEST-056","Integration","Verify chatbot greeting bubbles are displayed (Iteration 56)","RZCXC0TCRMN","Passed","2026-06-23T00:45:37.853Z","2026-06-23T00:45:39.353Z","1.50s"
"TEST-057","Integration","Click quick reply option (Iteration 57)","RZCXC0TCRMN","Passed","2026-06-23T00:45:39.853Z","2026-06-23T00:45:41.353Z","1.50s"
"TEST-058","Integration","Send custom text message to bot (Iteration 58)","RZCXC0TCRMN","Passed","2026-06-23T00:45:41.853Z","2026-06-23T00:45:43.353Z","1.50s"
"TEST-059","Integration","Clear chat history (Iteration 59)","RZCXC0TCRMN","Passed","2026-06-23T00:45:43.853Z","2026-06-23T00:45:45.353Z","1.50s"
"TEST-060","Integration","Validate login fails with empty email and password (Iteration 60)","RZCXC0TCRMN","Passed","2026-06-23T00:45:45.853Z","2026-06-23T00:45:47.353Z","1.50s"
"TEST-061","Integration","Validate login fails with invalid credentials (Iteration 61)","RZCXC0TCRMN","Passed","2026-06-23T00:45:47.853Z","2026-06-23T00:45:49.353Z","1.50s"
"TEST-062","Integration","Validate successful registration and login (Iteration 62)","RZCXC0TCRMN","Passed","2026-06-23T00:45:49.853Z","2026-06-23T00:45:51.353Z","1.50s"
"TEST-063","Integration","Validate logout redirects back to auth screen (Iteration 63)","RZCXC0TCRMN","Passed","2026-06-23T00:45:51.853Z","2026-06-23T00:45:53.353Z","1.50s"
"TEST-064","Integration","Verify Dashboard landing (Iteration 64)","RZCXC0TCRMN","Passed","2026-06-23T00:45:53.853Z","2026-06-23T00:45:55.353Z","1.50s"
"TEST-065","Integration","Navigate to AI Chef Chat screen (Iteration 65)","RZCXC0TCRMN","Passed","2026-06-23T00:45:55.853Z","2026-06-23T00:45:57.353Z","1.50s"
"TEST-066","Integration","Verify chatbot greeting bubbles are displayed (Iteration 66)","RZCXC0TCRMN","Passed","2026-06-23T00:45:57.853Z","2026-06-23T00:45:59.353Z","1.50s"
"TEST-067","Integration","Click quick reply option (Iteration 67)","RZCXC0TCRMN","Passed","2026-06-23T00:45:59.853Z","2026-06-23T00:46:01.353Z","1.50s"
"TEST-068","Integration","Send custom text message to bot (Iteration 68)","RZCXC0TCRMN","Passed","2026-06-23T00:46:01.853Z","2026-06-23T00:46:03.353Z","1.50s"
"TEST-069","Integration","Clear chat history (Iteration 69)","RZCXC0TCRMN","Passed","2026-06-23T00:46:03.853Z","2026-06-23T00:46:05.353Z","1.50s"
"TEST-070","Integration","Validate login fails with empty email and password (Iteration 70)","RZCXC0TCRMN","Passed","2026-06-23T00:46:05.853Z","2026-06-23T00:46:07.353Z","1.50s"
"TEST-071","Integration","Validate login fails with invalid credentials (Iteration 71)","RZCXC0TCRMN","Passed","2026-06-23T00:46:07.853Z","2026-06-23T00:46:09.353Z","1.50s"
"TEST-072","Integration","Validate successful registration and login (Iteration 72)","RZCXC0TCRMN","Passed","2026-06-23T00:46:09.853Z","2026-06-23T00:46:11.353Z","1.50s"
"TEST-073","Integration","Validate logout redirects back to auth screen (Iteration 73)","RZCXC0TCRMN","Passed","2026-06-23T00:46:11.853Z","2026-06-23T00:46:13.353Z","1.50s"
"TEST-074","Integration","Verify Dashboard landing (Iteration 74)","RZCXC0TCRMN","Passed","2026-06-23T00:46:13.853Z","2026-06-23T00:46:15.353Z","1.50s"
"TEST-075","Integration","Navigate to AI Chef Chat screen (Iteration 75)","RZCXC0TCRMN","Passed","2026-06-23T00:46:15.853Z","2026-06-23T00:46:17.353Z","1.50s"
"TEST-076","Integration","Verify chatbot greeting bubbles are displayed (Iteration 76)","RZCXC0TCRMN","Passed","2026-06-23T00:46:17.853Z","2026-06-23T00:46:19.353Z","1.50s"
"TEST-077","Integration","Click quick reply option (Iteration 77)","RZCXC0TCRMN","Passed","2026-06-23T00:46:19.853Z","2026-06-23T00:46:21.353Z","1.50s"
"TEST-078","Integration","Send custom text message to bot (Iteration 78)","RZCXC0TCRMN","Passed","2026-06-23T00:46:21.853Z","2026-06-23T00:46:23.353Z","1.50s"
"TEST-079","Integration","Clear chat history (Iteration 79)","RZCXC0TCRMN","Passed","2026-06-23T00:46:23.853Z","2026-06-23T00:46:25.353Z","1.50s"
"TEST-080","Integration","Validate login fails with empty email and password (Iteration 80)","RZCXC0TCRMN","Passed","2026-06-23T00:46:25.853Z","2026-06-23T00:46:27.353Z","1.50s"
"TEST-081","Integration","Validate login fails with invalid credentials (Iteration 81)","RZCXC0TCRMN","Passed","2026-06-23T00:46:27.853Z","2026-06-23T00:46:29.353Z","1.50s"
"TEST-082","Integration","Validate successful registration and login (Iteration 82)","RZCXC0TCRMN","Passed","2026-06-23T00:46:29.853Z","2026-06-23T00:46:31.353Z","1.50s"
"TEST-083","Integration","Validate logout redirects back to auth screen (Iteration 83)","RZCXC0TCRMN","Passed","2026-06-23T00:46:31.853Z","2026-06-23T00:46:33.353Z","1.50s"
"TEST-084","Integration","Verify Dashboard landing (Iteration 84)","RZCXC0TCRMN","Passed","2026-06-23T00:46:33.853Z","2026-06-23T00:46:35.353Z","1.50s"
"TEST-085","Integration","Navigate to AI Chef Chat screen (Iteration 85)","RZCXC0TCRMN","Passed","2026-06-23T00:46:35.853Z","2026-06-23T00:46:37.353Z","1.50s"
"TEST-086","Integration","Verify chatbot greeting bubbles are displayed (Iteration 86)","RZCXC0TCRMN","Passed","2026-06-23T00:46:37.853Z","2026-06-23T00:46:39.353Z","1.50s"
"TEST-087","Integration","Click quick reply option (Iteration 87)","RZCXC0TCRMN","Passed","2026-06-23T00:46:39.853Z","2026-06-23T00:46:41.353Z","1.50s"
"TEST-088","Integration","Send custom text message to bot (Iteration 88)","RZCXC0TCRMN","Passed","2026-06-23T00:46:41.853Z","2026-06-23T00:46:43.353Z","1.50s"
"TEST-089","Integration","Clear chat history (Iteration 89)","RZCXC0TCRMN","Passed","2026-06-23T00:46:43.853Z","2026-06-23T00:46:45.353Z","1.50s"
"TEST-090","Integration","Validate login fails with empty email and password (Iteration 90)","RZCXC0TCRMN","Passed","2026-06-23T00:46:45.853Z","2026-06-23T00:46:47.353Z","1.50s"
"TEST-091","Integration","Validate login fails with invalid credentials (Iteration 91)","RZCXC0TCRMN","Passed","2026-06-23T00:46:47.853Z","2026-06-23T00:46:49.353Z","1.50s"
"TEST-092","Integration","Validate successful registration and login (Iteration 92)","RZCXC0TCRMN","Passed","2026-06-23T00:46:49.853Z","2026-06-23T00:46:51.353Z","1.50s"
"TEST-093","Integration","Validate logout redirects back to auth screen (Iteration 93)","RZCXC0TCRMN","Passed","2026-06-23T00:46:51.853Z","2026-06-23T00:46:53.353Z","1.50s"
"TEST-094","Integration","Verify Dashboard landing (Iteration 94)","RZCXC0TCRMN","Passed","2026-06-23T00:46:53.853Z","2026-06-23T00:46:55.353Z","1.50s"
"TEST-095","Integration","Navigate to AI Chef Chat screen (Iteration 95)","RZCXC0TCRMN","Passed","2026-06-23T00:46:55.853Z","2026-06-23T00:46:57.353Z","1.50s"
"TEST-096","Integration","Verify chatbot greeting bubbles are displayed (Iteration 96)","RZCXC0TCRMN","Passed","2026-06-23T00:46:57.853Z","2026-06-23T00:46:59.353Z","1.50s"
"TEST-097","Integration","Click quick reply option (Iteration 97)","RZCXC0TCRMN","Passed","2026-06-23T00:46:59.853Z","2026-06-23T00:47:01.353Z","1.50s"
"TEST-098","Integration","Send custom text message to bot (Iteration 98)","RZCXC0TCRMN","Passed","2026-06-23T00:47:01.853Z","2026-06-23T00:47:03.353Z","1.50s"
"TEST-099","Integration","Clear chat history (Iteration 99)","RZCXC0TCRMN","Passed","2026-06-23T00:47:03.853Z","2026-06-23T00:47:05.353Z","1.50s"
"TEST-100","Integration","Validate login fails with empty email and password (Iteration 100)","RZCXC0TCRMN","Passed","2026-06-23T00:47:05.853Z","2026-06-23T00:47:07.353Z","1.50s"
"TEST-101","Integration","Validate login fails with invalid credentials (Iteration 101)","RZCXC0TCRMN","Passed","2026-06-23T00:47:07.853Z","2026-06-23T00:47:09.353Z","1.50s"
"TEST-102","Integration","Validate successful registration and login (Iteration 102)","RZCXC0TCRMN","Passed","2026-06-23T00:47:09.853Z","2026-06-23T00:47:11.353Z","1.50s"
"TEST-103","Integration","Validate logout redirects back to auth screen (Iteration 103)","RZCXC0TCRMN","Passed","2026-06-23T00:47:11.853Z","2026-06-23T00:47:13.353Z","1.50s"
"TEST-104","Integration","Verify Dashboard landing (Iteration 104)","RZCXC0TCRMN","Passed","2026-06-23T00:47:13.853Z","2026-06-23T00:47:15.353Z","1.50s"
"TEST-105","Integration","Navigate to AI Chef Chat screen (Iteration 105)","RZCXC0TCRMN","Passed","2026-06-23T00:47:15.853Z","2026-06-23T00:47:17.353Z","1.50s"
"TEST-106","Integration","Verify chatbot greeting bubbles are displayed (Iteration 106)","RZCXC0TCRMN","Passed","2026-06-23T00:47:17.853Z","2026-06-23T00:47:19.353Z","1.50s"
"TEST-107","Integration","Click quick reply option (Iteration 107)","RZCXC0TCRMN","Passed","2026-06-23T00:47:19.853Z","2026-06-23T00:47:21.353Z","1.50s"
"TEST-108","Integration","Send custom text message to bot (Iteration 108)","RZCXC0TCRMN","Passed","2026-06-23T00:47:21.853Z","2026-06-23T00:47:23.353Z","1.50s"
"TEST-109","Integration","Clear chat history (Iteration 109)","RZCXC0TCRMN","Passed","2026-06-23T00:47:23.853Z","2026-06-23T00:47:25.353Z","1.50s"
"TEST-110","Integration","Validate login fails with empty email and password (Iteration 110)","RZCXC0TCRMN","Passed","2026-06-23T00:47:25.853Z","2026-06-23T00:47:27.353Z","1.50s"
"TEST-111","Integration","Validate login fails with invalid credentials (Iteration 111)","RZCXC0TCRMN","Passed","2026-06-23T00:47:27.853Z","2026-06-23T00:47:29.353Z","1.50s"
"TEST-112","Integration","Validate successful registration and login (Iteration 112)","RZCXC0TCRMN","Passed","2026-06-23T00:47:29.853Z","2026-06-23T00:47:31.353Z","1.50s"
"TEST-113","Integration","Validate logout redirects back to auth screen (Iteration 113)","RZCXC0TCRMN","Passed","2026-06-23T00:47:31.853Z","2026-06-23T00:47:33.353Z","1.50s"
"TEST-114","Integration","Verify Dashboard landing (Iteration 114)","RZCXC0TCRMN","Passed","2026-06-23T00:47:33.853Z","2026-06-23T00:47:35.353Z","1.50s"
"TEST-115","Integration","Navigate to AI Chef Chat screen (Iteration 115)","RZCXC0TCRMN","Passed","2026-06-23T00:47:35.853Z","2026-06-23T00:47:37.353Z","1.50s"
"TEST-116","Integration","Verify chatbot greeting bubbles are displayed (Iteration 116)","RZCXC0TCRMN","Passed","2026-06-23T00:47:37.853Z","2026-06-23T00:47:39.353Z","1.50s"
"TEST-117","Integration","Click quick reply option (Iteration 117)","RZCXC0TCRMN","Passed","2026-06-23T00:47:39.853Z","2026-06-23T00:47:41.353Z","1.50s"
"TEST-118","Integration","Send custom text message to bot (Iteration 118)","RZCXC0TCRMN","Passed","2026-06-23T00:47:41.853Z","2026-06-23T00:47:43.353Z","1.50s"
"TEST-119","Integration","Clear chat history (Iteration 119)","RZCXC0TCRMN","Passed","2026-06-23T00:47:43.853Z","2026-06-23T00:47:45.353Z","1.50s"
"TEST-120","Integration","Validate login fails with empty email and password (Iteration 120)","RZCXC0TCRMN","Passed","2026-06-23T00:47:45.853Z","2026-06-23T00:47:47.353Z","1.50s"
"TEST-121","Integration","Validate login fails with invalid credentials (Iteration 121)","RZCXC0TCRMN","Passed","2026-06-23T00:47:47.853Z","2026-06-23T00:47:49.353Z","1.50s"
"TEST-122","Integration","Validate successful registration and login (Iteration 122)","RZCXC0TCRMN","Passed","2026-06-23T00:47:49.853Z","2026-06-23T00:47:51.353Z","1.50s"
"TEST-123","Integration","Validate logout redirects back to auth screen (Iteration 123)","RZCXC0TCRMN","Passed","2026-06-23T00:47:51.853Z","2026-06-23T00:47:53.353Z","1.50s"
"TEST-124","Integration","Verify Dashboard landing (Iteration 124)","RZCXC0TCRMN","Passed","2026-06-23T00:47:53.853Z","2026-06-23T00:47:55.353Z","1.50s"
"TEST-125","Integration","Navigate to AI Chef Chat screen (Iteration 125)","RZCXC0TCRMN","Passed","2026-06-23T00:47:55.853Z","2026-06-23T00:47:57.353Z","1.50s"
"TEST-126","Integration","Verify chatbot greeting bubbles are displayed (Iteration 126)","RZCXC0TCRMN","Passed","2026-06-23T00:47:57.853Z","2026-06-23T00:47:59.353Z","1.50s"
"TEST-127","Integration","Click quick reply option (Iteration 127)","RZCXC0TCRMN","Passed","2026-06-23T00:47:59.853Z","2026-06-23T00:48:01.353Z","1.50s"
"TEST-128","Integration","Send custom text message to bot (Iteration 128)","RZCXC0TCRMN","Passed","2026-06-23T00:48:01.853Z","2026-06-23T00:48:03.353Z","1.50s"
"TEST-129","Integration","Clear chat history (Iteration 129)","RZCXC0TCRMN","Passed","2026-06-23T00:48:03.853Z","2026-06-23T00:48:05.353Z","1.50s"
"TEST-130","Integration","Validate login fails with empty email and password (Iteration 130)","RZCXC0TCRMN","Passed","2026-06-23T00:48:05.853Z","2026-06-23T00:48:07.353Z","1.50s"
"TEST-131","Integration","Validate login fails with invalid credentials (Iteration 131)","RZCXC0TCRMN","Passed","2026-06-23T00:48:07.853Z","2026-06-23T00:48:09.353Z","1.50s"
"TEST-132","Integration","Validate successful registration and login (Iteration 132)","RZCXC0TCRMN","Passed","2026-06-23T00:48:09.853Z","2026-06-23T00:48:11.353Z","1.50s"
"TEST-133","Integration","Validate logout redirects back to auth screen (Iteration 133)","RZCXC0TCRMN","Passed","2026-06-23T00:48:11.853Z","2026-06-23T00:48:13.353Z","1.50s"
"TEST-134","Integration","Verify Dashboard landing (Iteration 134)","RZCXC0TCRMN","Passed","2026-06-23T00:48:13.853Z","2026-06-23T00:48:15.353Z","1.50s"
"TEST-135","Integration","Navigate to AI Chef Chat screen (Iteration 135)","RZCXC0TCRMN","Passed","2026-06-23T00:48:15.853Z","2026-06-23T00:48:17.353Z","1.50s"
"TEST-136","Integration","Verify chatbot greeting bubbles are displayed (Iteration 136)","RZCXC0TCRMN","Passed","2026-06-23T00:48:17.853Z","2026-06-23T00:48:19.353Z","1.50s"
"TEST-137","Integration","Click quick reply option (Iteration 137)","RZCXC0TCRMN","Passed","2026-06-23T00:48:19.853Z","2026-06-23T00:48:21.353Z","1.50s"
"TEST-138","Integration","Send custom text message to bot (Iteration 138)","RZCXC0TCRMN","Passed","2026-06-23T00:48:21.853Z","2026-06-23T00:48:23.353Z","1.50s"
"TEST-139","Integration","Clear chat history (Iteration 139)","RZCXC0TCRMN","Passed","2026-06-23T00:48:23.853Z","2026-06-23T00:48:25.353Z","1.50s"
"TEST-140","Integration","Validate login fails with empty email and password (Iteration 140)","RZCXC0TCRMN","Passed","2026-06-23T00:48:25.853Z","2026-06-23T00:48:27.353Z","1.50s"
"TEST-141","Integration","Validate login fails with invalid credentials (Iteration 141)","RZCXC0TCRMN","Passed","2026-06-23T00:48:27.853Z","2026-06-23T00:48:29.353Z","1.50s"
"TEST-142","Integration","Validate successful registration and login (Iteration 142)","RZCXC0TCRMN","Passed","2026-06-23T00:48:29.853Z","2026-06-23T00:48:31.353Z","1.50s"
"TEST-143","Integration","Validate logout redirects back to auth screen (Iteration 143)","RZCXC0TCRMN","Passed","2026-06-23T00:48:31.853Z","2026-06-23T00:48:33.353Z","1.50s"
"TEST-144","Integration","Verify Dashboard landing (Iteration 144)","RZCXC0TCRMN","Passed","2026-06-23T00:48:33.853Z","2026-06-23T00:48:35.353Z","1.50s"
"TEST-145","Integration","Navigate to AI Chef Chat screen (Iteration 145)","RZCXC0TCRMN","Passed","2026-06-23T00:48:35.853Z","2026-06-23T00:48:37.353Z","1.50s"
"TEST-146","Integration","Verify chatbot greeting bubbles are displayed (Iteration 146)","RZCXC0TCRMN","Passed","2026-06-23T00:48:37.853Z","2026-06-23T00:48:39.353Z","1.50s"
"TEST-147","Integration","Click quick reply option (Iteration 147)","RZCXC0TCRMN","Passed","2026-06-23T00:48:39.853Z","2026-06-23T00:48:41.353Z","1.50s"
"TEST-148","Integration","Send custom text message to bot (Iteration 148)","RZCXC0TCRMN","Passed","2026-06-23T00:48:41.853Z","2026-06-23T00:48:43.353Z","1.50s"
"TEST-149","Integration","Clear chat history (Iteration 149)","RZCXC0TCRMN","Passed","2026-06-23T00:48:43.853Z","2026-06-23T00:48:45.353Z","1.50s"
"TEST-150","Integration","Validate login fails with empty email and password (Iteration 150)","RZCXC0TCRMN","Passed","2026-06-23T00:48:45.853Z","2026-06-23T00:48:47.353Z","1.50s"
"TEST-151","Integration","Validate login fails with invalid credentials (Iteration 151)","RZCXC0TCRMN","Passed","2026-06-23T00:48:47.853Z","2026-06-23T00:48:49.353Z","1.50s"
"TEST-152","Integration","Validate successful registration and login (Iteration 152)","RZCXC0TCRMN","Passed","2026-06-23T00:48:49.853Z","2026-06-23T00:48:51.353Z","1.50s"
"TEST-153","Integration","Validate logout redirects back to auth screen (Iteration 153)","RZCXC0TCRMN","Passed","2026-06-23T00:48:51.853Z","2026-06-23T00:48:53.353Z","1.50s"
"TEST-154","Integration","Verify Dashboard landing (Iteration 154)","RZCXC0TCRMN","Passed","2026-06-23T00:48:53.853Z","2026-06-23T00:48:55.353Z","1.50s"
"TEST-155","Integration","Navigate to AI Chef Chat screen (Iteration 155)","RZCXC0TCRMN","Passed","2026-06-23T00:48:55.853Z","2026-06-23T00:48:57.353Z","1.50s"
"TEST-156","Integration","Verify chatbot greeting bubbles are displayed (Iteration 156)","RZCXC0TCRMN","Passed","2026-06-23T00:48:57.853Z","2026-06-23T00:48:59.353Z","1.50s"
"TEST-157","Integration","Click quick reply option (Iteration 157)","RZCXC0TCRMN","Passed","2026-06-23T00:48:59.853Z","2026-06-23T00:49:01.353Z","1.50s"
"TEST-158","Integration","Send custom text message to bot (Iteration 158)","RZCXC0TCRMN","Passed","2026-06-23T00:49:01.853Z","2026-06-23T00:49:03.353Z","1.50s"
"TEST-159","Integration","Clear chat history (Iteration 159)","RZCXC0TCRMN","Passed","2026-06-23T00:49:03.853Z","2026-06-23T00:49:05.353Z","1.50s"
"TEST-160","Integration","Validate login fails with empty email and password (Iteration 160)","RZCXC0TCRMN","Passed","2026-06-23T00:49:05.853Z","2026-06-23T00:49:07.353Z","1.50s"
"TEST-161","Integration","Validate login fails with invalid credentials (Iteration 161)","RZCXC0TCRMN","Passed","2026-06-23T00:49:07.853Z","2026-06-23T00:49:09.353Z","1.50s"
"TEST-162","Integration","Validate successful registration and login (Iteration 162)","RZCXC0TCRMN","Passed","2026-06-23T00:49:09.853Z","2026-06-23T00:49:11.353Z","1.50s"
"TEST-163","Integration","Validate logout redirects back to auth screen (Iteration 163)","RZCXC0TCRMN","Passed","2026-06-23T00:49:11.853Z","2026-06-23T00:49:13.353Z","1.50s"
"TEST-164","Integration","Verify Dashboard landing (Iteration 164)","RZCXC0TCRMN","Passed","2026-06-23T00:49:13.853Z","2026-06-23T00:49:15.353Z","1.50s"
"TEST-165","Integration","Navigate to AI Chef Chat screen (Iteration 165)","RZCXC0TCRMN","Passed","2026-06-23T00:49:15.853Z","2026-06-23T00:49:17.353Z","1.50s"
"TEST-166","Integration","Verify chatbot greeting bubbles are displayed (Iteration 166)","RZCXC0TCRMN","Passed","2026-06-23T00:49:17.853Z","2026-06-23T00:49:19.353Z","1.50s"
"TEST-167","Integration","Click quick reply option (Iteration 167)","RZCXC0TCRMN","Passed","2026-06-23T00:49:19.853Z","2026-06-23T00:49:21.353Z","1.50s"
"TEST-168","Integration","Send custom text message to bot (Iteration 168)","RZCXC0TCRMN","Passed","2026-06-23T00:49:21.853Z","2026-06-23T00:49:23.353Z","1.50s"
"TEST-169","Integration","Clear chat history (Iteration 169)","RZCXC0TCRMN","Passed","2026-06-23T00:49:23.853Z","2026-06-23T00:49:25.353Z","1.50s"
"TEST-170","Integration","Validate login fails with empty email and password (Iteration 170)","RZCXC0TCRMN","Passed","2026-06-23T00:49:25.853Z","2026-06-23T00:49:27.353Z","1.50s"
"TEST-171","Integration","Validate login fails with invalid credentials (Iteration 171)","RZCXC0TCRMN","Passed","2026-06-23T00:49:27.853Z","2026-06-23T00:49:29.353Z","1.50s"
"TEST-172","Integration","Validate successful registration and login (Iteration 172)","RZCXC0TCRMN","Passed","2026-06-23T00:49:29.853Z","2026-06-23T00:49:31.353Z","1.50s"
"TEST-173","Integration","Validate logout redirects back to auth screen (Iteration 173)","RZCXC0TCRMN","Passed","2026-06-23T00:49:31.853Z","2026-06-23T00:49:33.353Z","1.50s"
"TEST-174","Integration","Verify Dashboard landing (Iteration 174)","RZCXC0TCRMN","Passed","2026-06-23T00:49:33.853Z","2026-06-23T00:49:35.353Z","1.50s"
"TEST-175","Integration","Navigate to AI Chef Chat screen (Iteration 175)","RZCXC0TCRMN","Passed","2026-06-23T00:49:35.853Z","2026-06-23T00:49:37.353Z","1.50s"
"TEST-176","Integration","Verify chatbot greeting bubbles are displayed (Iteration 176)","RZCXC0TCRMN","Passed","2026-06-23T00:49:37.853Z","2026-06-23T00:49:39.353Z","1.50s"
"TEST-177","Integration","Click quick reply option (Iteration 177)","RZCXC0TCRMN","Passed","2026-06-23T00:49:39.853Z","2026-06-23T00:49:41.353Z","1.50s"
"TEST-178","Integration","Send custom text message to bot (Iteration 178)","RZCXC0TCRMN","Passed","2026-06-23T00:49:41.853Z","2026-06-23T00:49:43.353Z","1.50s"
"TEST-179","Integration","Clear chat history (Iteration 179)","RZCXC0TCRMN","Passed","2026-06-23T00:49:43.853Z","2026-06-23T00:49:45.353Z","1.50s"
"TEST-180","Integration","Validate login fails with empty email and password (Iteration 180)","RZCXC0TCRMN","Passed","2026-06-23T00:49:45.853Z","2026-06-23T00:49:47.353Z","1.50s"
"TEST-181","Integration","Validate login fails with invalid credentials (Iteration 181)","RZCXC0TCRMN","Passed","2026-06-23T00:49:47.853Z","2026-06-23T00:49:49.353Z","1.50s"
"TEST-182","Integration","Validate successful registration and login (Iteration 182)","RZCXC0TCRMN","Passed","2026-06-23T00:49:49.853Z","2026-06-23T00:49:51.353Z","1.50s"
"TEST-183","Integration","Validate logout redirects back to auth screen (Iteration 183)","RZCXC0TCRMN","Passed","2026-06-23T00:49:51.853Z","2026-06-23T00:49:53.353Z","1.50s"
"TEST-184","Integration","Verify Dashboard landing (Iteration 184)","RZCXC0TCRMN","Passed","2026-06-23T00:49:53.853Z","2026-06-23T00:49:55.353Z","1.50s"
"TEST-185","Integration","Navigate to AI Chef Chat screen (Iteration 185)","RZCXC0TCRMN","Passed","2026-06-23T00:49:55.853Z","2026-06-23T00:49:57.353Z","1.50s"
"TEST-186","Integration","Verify chatbot greeting bubbles are displayed (Iteration 186)","RZCXC0TCRMN","Passed","2026-06-23T00:49:57.853Z","2026-06-23T00:49:59.353Z","1.50s"
"TEST-187","Integration","Click quick reply option (Iteration 187)","RZCXC0TCRMN","Passed","2026-06-23T00:49:59.853Z","2026-06-23T00:50:01.353Z","1.50s"
"TEST-188","Integration","Send custom text message to bot (Iteration 188)","RZCXC0TCRMN","Passed","2026-06-23T00:50:01.853Z","2026-06-23T00:50:03.353Z","1.50s"
"TEST-189","Integration","Clear chat history (Iteration 189)","RZCXC0TCRMN","Passed","2026-06-23T00:50:03.853Z","2026-06-23T00:50:05.353Z","1.50s"
"TEST-190","Integration","Validate login fails with empty email and password (Iteration 190)","RZCXC0TCRMN","Passed","2026-06-23T00:50:05.853Z","2026-06-23T00:50:07.353Z","1.50s"
"TEST-191","Integration","Validate login fails with invalid credentials (Iteration 191)","RZCXC0TCRMN","Passed","2026-06-23T00:50:07.853Z","2026-06-23T00:50:09.353Z","1.50s"
"TEST-192","Integration","Validate successful registration and login (Iteration 192)","RZCXC0TCRMN","Passed","2026-06-23T00:50:09.853Z","2026-06-23T00:50:11.353Z","1.50s"
"TEST-193","Integration","Validate logout redirects back to auth screen (Iteration 193)","RZCXC0TCRMN","Passed","2026-06-23T00:50:11.853Z","2026-06-23T00:50:13.353Z","1.50s"
"TEST-194","Integration","Verify Dashboard landing (Iteration 194)","RZCXC0TCRMN","Passed","2026-06-23T00:50:13.853Z","2026-06-23T00:50:15.353Z","1.50s"
"TEST-195","Integration","Navigate to AI Chef Chat screen (Iteration 195)","RZCXC0TCRMN","Passed","2026-06-23T00:50:15.853Z","2026-06-23T00:50:17.353Z","1.50s"
"TEST-196","Integration","Verify chatbot greeting bubbles are displayed (Iteration 196)","RZCXC0TCRMN","Passed","2026-06-23T00:50:17.853Z","2026-06-23T00:50:19.353Z","1.50s"
"TEST-197","Integration","Click quick reply option (Iteration 197)","RZCXC0TCRMN","Passed","2026-06-23T00:50:19.853Z","2026-06-23T00:50:21.353Z","1.50s"
"TEST-198","Integration","Send custom text message to bot (Iteration 198)","RZCXC0TCRMN","Passed","2026-06-23T00:50:21.853Z","2026-06-23T00:50:23.353Z","1.50s"
"TEST-199","Integration","Clear chat history (Iteration 199)","RZCXC0TCRMN","Passed","2026-06-23T00:50:23.853Z","2026-06-23T00:50:25.353Z","1.50s"
"TEST-200","Integration","Validate login fails with empty email and password (Iteration 200)","RZCXC0TCRMN","Passed","2026-06-23T00:50:25.853Z","2026-06-23T00:50:27.353Z","1.50s"
"TEST-201","Integration","Validate login fails with invalid credentials (Iteration 201)","RZCXC0TCRMN","Passed","2026-06-23T00:50:27.853Z","2026-06-23T00:50:29.353Z","1.50s"
"TEST-202","Integration","Validate successful registration and login (Iteration 202)","RZCXC0TCRMN","Passed","2026-06-23T00:50:29.853Z","2026-06-23T00:50:31.353Z","1.50s"
"TEST-203","Integration","Validate logout redirects back to auth screen (Iteration 203)","RZCXC0TCRMN","Passed","2026-06-23T00:50:31.853Z","2026-06-23T00:50:33.353Z","1.50s"
"TEST-204","Integration","Verify Dashboard landing (Iteration 204)","RZCXC0TCRMN","Passed","2026-06-23T00:50:33.853Z","2026-06-23T00:50:35.353Z","1.50s"
"TEST-205","Integration","Navigate to AI Chef Chat screen (Iteration 205)","RZCXC0TCRMN","Passed","2026-06-23T00:50:35.853Z","2026-06-23T00:50:37.353Z","1.50s"
"TEST-206","Integration","Verify chatbot greeting bubbles are displayed (Iteration 206)","RZCXC0TCRMN","Passed","2026-06-23T00:50:37.853Z","2026-06-23T00:50:39.353Z","1.50s"
"TEST-207","Integration","Click quick reply option (Iteration 207)","RZCXC0TCRMN","Passed","2026-06-23T00:50:39.853Z","2026-06-23T00:50:41.353Z","1.50s"
"TEST-208","Integration","Send custom text message to bot (Iteration 208)","RZCXC0TCRMN","Passed","2026-06-23T00:50:41.853Z","2026-06-23T00:50:43.353Z","1.50s"
"TEST-209","Integration","Clear chat history (Iteration 209)","RZCXC0TCRMN","Passed","2026-06-23T00:50:43.853Z","2026-06-23T00:50:45.353Z","1.50s"
"TEST-210","Integration","Validate login fails with empty email and password (Iteration 210)","RZCXC0TCRMN","Passed","2026-06-23T00:50:45.853Z","2026-06-23T00:50:47.353Z","1.50s"
"TEST-211","Integration","Validate login fails with invalid credentials (Iteration 211)","RZCXC0TCRMN","Passed","2026-06-23T00:50:47.853Z","2026-06-23T00:50:49.353Z","1.50s"
"TEST-212","Integration","Validate successful registration and login (Iteration 212)","RZCXC0TCRMN","Passed","2026-06-23T00:50:49.853Z","2026-06-23T00:50:51.353Z","1.50s"
"TEST-213","Integration","Validate logout redirects back to auth screen (Iteration 213)","RZCXC0TCRMN","Passed","2026-06-23T00:50:51.853Z","2026-06-23T00:50:53.353Z","1.50s"
"TEST-214","Integration","Verify Dashboard landing (Iteration 214)","RZCXC0TCRMN","Passed","2026-06-23T00:50:53.853Z","2026-06-23T00:50:55.353Z","1.50s"
"TEST-215","Integration","Navigate to AI Chef Chat screen (Iteration 215)","RZCXC0TCRMN","Passed","2026-06-23T00:50:55.853Z","2026-06-23T00:50:57.353Z","1.50s"
"TEST-216","Integration","Verify chatbot greeting bubbles are displayed (Iteration 216)","RZCXC0TCRMN","Passed","2026-06-23T00:50:57.853Z","2026-06-23T00:50:59.353Z","1.50s"
"TEST-217","Integration","Click quick reply option (Iteration 217)","RZCXC0TCRMN","Passed","2026-06-23T00:50:59.853Z","2026-06-23T00:51:01.353Z","1.50s"
"TEST-218","Integration","Send custom text message to bot (Iteration 218)","RZCXC0TCRMN","Passed","2026-06-23T00:51:01.853Z","2026-06-23T00:51:03.353Z","1.50s"
"TEST-219","Integration","Clear chat history (Iteration 219)","RZCXC0TCRMN","Passed","2026-06-23T00:51:03.853Z","2026-06-23T00:51:05.353Z","1.50s"
"TEST-220","Integration","Validate login fails with empty email and password (Iteration 220)","RZCXC0TCRMN","Passed","2026-06-23T00:51:05.853Z","2026-06-23T00:51:07.353Z","1.50s"
"TEST-221","Integration","Validate login fails with invalid credentials (Iteration 221)","RZCXC0TCRMN","Passed","2026-06-23T00:51:07.853Z","2026-06-23T00:51:09.353Z","1.50s"
"TEST-222","Integration","Validate successful registration and login (Iteration 222)","RZCXC0TCRMN","Passed","2026-06-23T00:51:09.853Z","2026-06-23T00:51:11.353Z","1.50s"
"TEST-223","Integration","Validate logout redirects back to auth screen (Iteration 223)","RZCXC0TCRMN","Passed","2026-06-23T00:51:11.853Z","2026-06-23T00:51:13.353Z","1.50s"
"TEST-224","Integration","Verify Dashboard landing (Iteration 224)","RZCXC0TCRMN","Passed","2026-06-23T00:51:13.853Z","2026-06-23T00:51:15.353Z","1.50s"
"TEST-225","Integration","Navigate to AI Chef Chat screen (Iteration 225)","RZCXC0TCRMN","Passed","2026-06-23T00:51:15.853Z","2026-06-23T00:51:17.353Z","1.50s"
"TEST-226","Integration","Verify chatbot greeting bubbles are displayed (Iteration 226)","RZCXC0TCRMN","Passed","2026-06-23T00:51:17.853Z","2026-06-23T00:51:19.353Z","1.50s"
"TEST-227","Integration","Click quick reply option (Iteration 227)","RZCXC0TCRMN","Passed","2026-06-23T00:51:19.853Z","2026-06-23T00:51:21.353Z","1.50s"
"TEST-228","Integration","Send custom text message to bot (Iteration 228)","RZCXC0TCRMN","Passed","2026-06-23T00:51:21.853Z","2026-06-23T00:51:23.353Z","1.50s"
"TEST-229","Integration","Clear chat history (Iteration 229)","RZCXC0TCRMN","Passed","2026-06-23T00:51:23.853Z","2026-06-23T00:51:25.353Z","1.50s"
"TEST-230","Integration","Validate login fails with empty email and password (Iteration 230)","RZCXC0TCRMN","Passed","2026-06-23T00:51:25.853Z","2026-06-23T00:51:27.353Z","1.50s"
"TEST-231","Integration","Validate login fails with invalid credentials (Iteration 231)","RZCXC0TCRMN","Passed","2026-06-23T00:51:27.853Z","2026-06-23T00:51:29.353Z","1.50s"
"TEST-232","Integration","Validate successful registration and login (Iteration 232)","RZCXC0TCRMN","Passed","2026-06-23T00:51:29.853Z","2026-06-23T00:51:31.353Z","1.50s"
"TEST-233","Integration","Validate logout redirects back to auth screen (Iteration 233)","RZCXC0TCRMN","Passed","2026-06-23T00:51:31.853Z","2026-06-23T00:51:33.353Z","1.50s"
"TEST-234","Integration","Verify Dashboard landing (Iteration 234)","RZCXC0TCRMN","Passed","2026-06-23T00:51:33.853Z","2026-06-23T00:51:35.353Z","1.50s"
"TEST-235","Integration","Navigate to AI Chef Chat screen (Iteration 235)","RZCXC0TCRMN","Passed","2026-06-23T00:51:35.853Z","2026-06-23T00:51:37.353Z","1.50s"
"TEST-236","Integration","Verify chatbot greeting bubbles are displayed (Iteration 236)","RZCXC0TCRMN","Passed","2026-06-23T00:51:37.853Z","2026-06-23T00:51:39.353Z","1.50s"
"TEST-237","Integration","Click quick reply option (Iteration 237)","RZCXC0TCRMN","Passed","2026-06-23T00:51:39.853Z","2026-06-23T00:51:41.353Z","1.50s"
"TEST-238","Integration","Send custom text message to bot (Iteration 238)","RZCXC0TCRMN","Passed","2026-06-23T00:51:41.853Z","2026-06-23T00:51:43.353Z","1.50s"
"TEST-239","Integration","Clear chat history (Iteration 239)","RZCXC0TCRMN","Passed","2026-06-23T00:51:43.853Z","2026-06-23T00:51:45.353Z","1.50s"
"TEST-240","Integration","Validate login fails with empty email and password (Iteration 240)","RZCXC0TCRMN","Passed","2026-06-23T00:51:45.853Z","2026-06-23T00:51:47.353Z","1.50s"
"TEST-241","Integration","Validate login fails with invalid credentials (Iteration 241)","RZCXC0TCRMN","Passed","2026-06-23T00:51:47.853Z","2026-06-23T00:51:49.353Z","1.50s"
"TEST-242","Integration","Validate successful registration and login (Iteration 242)","RZCXC0TCRMN","Passed","2026-06-23T00:51:49.853Z","2026-06-23T00:51:51.353Z","1.50s"
"TEST-243","Integration","Validate logout redirects back to auth screen (Iteration 243)","RZCXC0TCRMN","Passed","2026-06-23T00:51:51.853Z","2026-06-23T00:51:53.353Z","1.50s"
"TEST-244","Integration","Verify Dashboard landing (Iteration 244)","RZCXC0TCRMN","Passed","2026-06-23T00:51:53.853Z","2026-06-23T00:51:55.353Z","1.50s"
"TEST-245","Integration","Navigate to AI Chef Chat screen (Iteration 245)","RZCXC0TCRMN","Passed","2026-06-23T00:51:55.853Z","2026-06-23T00:51:57.353Z","1.50s"
"TEST-246","Integration","Verify chatbot greeting bubbles are displayed (Iteration 246)","RZCXC0TCRMN","Passed","2026-06-23T00:51:57.853Z","2026-06-23T00:51:59.353Z","1.50s"
"TEST-247","Integration","Click quick reply option (Iteration 247)","RZCXC0TCRMN","Passed","2026-06-23T00:51:59.853Z","2026-06-23T00:52:01.353Z","1.50s"
"TEST-248","Integration","Send custom text message to bot (Iteration 248)","RZCXC0TCRMN","Passed","2026-06-23T00:52:01.853Z","2026-06-23T00:52:03.353Z","1.50s"
"TEST-249","Integration","Clear chat history (Iteration 249)","RZCXC0TCRMN","Passed","2026-06-23T00:52:03.853Z","2026-06-23T00:52:05.353Z","1.50s"
"TEST-250","Integration","Validate login fails with empty email and password (Iteration 250)","RZCXC0TCRMN","Passed","2026-06-23T00:52:05.853Z","2026-06-23T00:52:07.353Z","1.50s"
"TEST-251","Integration","Validate login fails with invalid credentials (Iteration 251)","RZCXC0TCRMN","Passed","2026-06-23T00:52:07.853Z","2026-06-23T00:52:09.353Z","1.50s"
"TEST-252","Integration","Validate successful registration and login (Iteration 252)","RZCXC0TCRMN","Passed","2026-06-23T00:52:09.853Z","2026-06-23T00:52:11.353Z","1.50s"
"TEST-253","Integration","Validate logout redirects back to auth screen (Iteration 253)","RZCXC0TCRMN","Passed","2026-06-23T00:52:11.853Z","2026-06-23T00:52:13.353Z","1.50s"
"TEST-254","Integration","Verify Dashboard landing (Iteration 254)","RZCXC0TCRMN","Passed","2026-06-23T00:52:13.853Z","2026-06-23T00:52:15.353Z","1.50s"
"TEST-255","Integration","Navigate to AI Chef Chat screen (Iteration 255)","RZCXC0TCRMN","Passed","2026-06-23T00:52:15.853Z","2026-06-23T00:52:17.353Z","1.50s"
"TEST-256","Integration","Verify chatbot greeting bubbles are displayed (Iteration 256)","RZCXC0TCRMN","Passed","2026-06-23T00:52:17.853Z","2026-06-23T00:52:19.353Z","1.50s"
"TEST-257","Integration","Click quick reply option (Iteration 257)","RZCXC0TCRMN","Passed","2026-06-23T00:52:19.853Z","2026-06-23T00:52:21.353Z","1.50s"
"TEST-258","Integration","Send custom text message to bot (Iteration 258)","RZCXC0TCRMN","Passed","2026-06-23T00:52:21.853Z","2026-06-23T00:52:23.353Z","1.50s"
"TEST-259","Integration","Clear chat history (Iteration 259)","RZCXC0TCRMN","Passed","2026-06-23T00:52:23.853Z","2026-06-23T00:52:25.353Z","1.50s"
"TEST-260","Integration","Validate login fails with empty email and password (Iteration 260)","RZCXC0TCRMN","Passed","2026-06-23T00:52:25.853Z","2026-06-23T00:52:27.353Z","1.50s"
"TEST-261","Integration","Validate login fails with invalid credentials (Iteration 261)","RZCXC0TCRMN","Passed","2026-06-23T00:52:27.853Z","2026-06-23T00:52:29.353Z","1.50s"
"TEST-262","Integration","Validate successful registration and login (Iteration 262)","RZCXC0TCRMN","Passed","2026-06-23T00:52:29.853Z","2026-06-23T00:52:31.353Z","1.50s"
"TEST-263","Integration","Validate logout redirects back to auth screen (Iteration 263)","RZCXC0TCRMN","Passed","2026-06-23T00:52:31.853Z","2026-06-23T00:52:33.353Z","1.50s"
"TEST-264","Integration","Verify Dashboard landing (Iteration 264)","RZCXC0TCRMN","Passed","2026-06-23T00:52:33.853Z","2026-06-23T00:52:35.353Z","1.50s"
"TEST-265","Integration","Navigate to AI Chef Chat screen (Iteration 265)","RZCXC0TCRMN","Passed","2026-06-23T00:52:35.853Z","2026-06-23T00:52:37.353Z","1.50s"
"TEST-266","Integration","Verify chatbot greeting bubbles are displayed (Iteration 266)","RZCXC0TCRMN","Passed","2026-06-23T00:52:37.853Z","2026-06-23T00:52:39.353Z","1.50s"
"TEST-267","Integration","Click quick reply option (Iteration 267)","RZCXC0TCRMN","Passed","2026-06-23T00:52:39.853Z","2026-06-23T00:52:41.353Z","1.50s"
"TEST-268","Integration","Send custom text message to bot (Iteration 268)","RZCXC0TCRMN","Passed","2026-06-23T00:52:41.853Z","2026-06-23T00:52:43.353Z","1.50s"
"TEST-269","Integration","Clear chat history (Iteration 269)","RZCXC0TCRMN","Passed","2026-06-23T00:52:43.853Z","2026-06-23T00:52:45.353Z","1.50s"
"TEST-270","Integration","Validate login fails with empty email and password (Iteration 270)","RZCXC0TCRMN","Passed","2026-06-23T00:52:45.853Z","2026-06-23T00:52:47.353Z","1.50s"
"TEST-271","Integration","Validate login fails with invalid credentials (Iteration 271)","RZCXC0TCRMN","Passed","2026-06-23T00:52:47.853Z","2026-06-23T00:52:49.353Z","1.50s"
"TEST-272","Integration","Validate successful registration and login (Iteration 272)","RZCXC0TCRMN","Passed","2026-06-23T00:52:49.853Z","2026-06-23T00:52:51.353Z","1.50s"
"TEST-273","Integration","Validate logout redirects back to auth screen (Iteration 273)","RZCXC0TCRMN","Passed","2026-06-23T00:52:51.853Z","2026-06-23T00:52:53.353Z","1.50s"
"TEST-274","Integration","Verify Dashboard landing (Iteration 274)","RZCXC0TCRMN","Passed","2026-06-23T00:52:53.853Z","2026-06-23T00:52:55.353Z","1.50s"
"TEST-275","Integration","Navigate to AI Chef Chat screen (Iteration 275)","RZCXC0TCRMN","Passed","2026-06-23T00:52:55.853Z","2026-06-23T00:52:57.353Z","1.50s"
"TEST-276","Integration","Verify chatbot greeting bubbles are displayed (Iteration 276)","RZCXC0TCRMN","Passed","2026-06-23T00:52:57.853Z","2026-06-23T00:52:59.353Z","1.50s"
"TEST-277","Integration","Click quick reply option (Iteration 277)","RZCXC0TCRMN","Passed","2026-06-23T00:52:59.853Z","2026-06-23T00:53:01.353Z","1.50s"
"TEST-278","Integration","Send custom text message to bot (Iteration 278)","RZCXC0TCRMN","Passed","2026-06-23T00:53:01.853Z","2026-06-23T00:53:03.353Z","1.50s"
"TEST-279","Integration","Clear chat history (Iteration 279)","RZCXC0TCRMN","Passed","2026-06-23T00:53:03.853Z","2026-06-23T00:53:05.353Z","1.50s"
"TEST-280","Integration","Validate login fails with empty email and password (Iteration 280)","RZCXC0TCRMN","Passed","2026-06-23T00:53:05.853Z","2026-06-23T00:53:07.353Z","1.50s"
"TEST-281","Integration","Validate login fails with invalid credentials (Iteration 281)","RZCXC0TCRMN","Passed","2026-06-23T00:53:07.853Z","2026-06-23T00:53:09.353Z","1.50s"
"TEST-282","Integration","Validate successful registration and login (Iteration 282)","RZCXC0TCRMN","Passed","2026-06-23T00:53:09.853Z","2026-06-23T00:53:11.353Z","1.50s"
"TEST-283","Integration","Validate logout redirects back to auth screen (Iteration 283)","RZCXC0TCRMN","Passed","2026-06-23T00:53:11.853Z","2026-06-23T00:53:13.353Z","1.50s"
"TEST-284","Integration","Verify Dashboard landing (Iteration 284)","RZCXC0TCRMN","Passed","2026-06-23T00:53:13.853Z","2026-06-23T00:53:15.353Z","1.50s"
"TEST-285","Integration","Navigate to AI Chef Chat screen (Iteration 285)","RZCXC0TCRMN","Passed","2026-06-23T00:53:15.853Z","2026-06-23T00:53:17.353Z","1.50s"
"TEST-286","Integration","Verify chatbot greeting bubbles are displayed (Iteration 286)","RZCXC0TCRMN","Passed","2026-06-23T00:53:17.853Z","2026-06-23T00:53:19.353Z","1.50s"
"TEST-287","Integration","Click quick reply option (Iteration 287)","RZCXC0TCRMN","Passed","2026-06-23T00:53:19.853Z","2026-06-23T00:53:21.353Z","1.50s"
"TEST-288","Integration","Send custom text message to bot (Iteration 288)","RZCXC0TCRMN","Passed","2026-06-23T00:53:21.853Z","2026-06-23T00:53:23.353Z","1.50s"
"TEST-289","Integration","Clear chat history (Iteration 289)","RZCXC0TCRMN","Passed","2026-06-23T00:53:23.853Z","2026-06-23T00:53:25.353Z","1.50s"
"TEST-290","Integration","Validate login fails with empty email and password (Iteration 290)","RZCXC0TCRMN","Passed","2026-06-23T00:53:25.853Z","2026-06-23T00:53:27.353Z","1.50s"
"TEST-291","Integration","Validate login fails with invalid credentials (Iteration 291)","RZCXC0TCRMN","Passed","2026-06-23T00:53:27.853Z","2026-06-23T00:53:29.353Z","1.50s"
"TEST-292","Integration","Validate successful registration and login (Iteration 292)","RZCXC0TCRMN","Passed","2026-06-23T00:53:29.853Z","2026-06-23T00:53:31.353Z","1.50s"
"TEST-293","Integration","Validate logout redirects back to auth screen (Iteration 293)","RZCXC0TCRMN","Passed","2026-06-23T00:53:31.853Z","2026-06-23T00:53:33.353Z","1.50s"
"TEST-294","Integration","Verify Dashboard landing (Iteration 294)","RZCXC0TCRMN","Passed","2026-06-23T00:53:33.853Z","2026-06-23T00:53:35.353Z","1.50s"
"TEST-295","Integration","Navigate to AI Chef Chat screen (Iteration 295)","RZCXC0TCRMN","Passed","2026-06-23T00:53:35.853Z","2026-06-23T00:53:37.353Z","1.50s"
"TEST-296","Integration","Verify chatbot greeting bubbles are displayed (Iteration 296)","RZCXC0TCRMN","Passed","2026-06-23T00:53:37.853Z","2026-06-23T00:53:39.353Z","1.50s"
"TEST-297","Integration","Click quick reply option (Iteration 297)","RZCXC0TCRMN","Passed","2026-06-23T00:53:39.853Z","2026-06-23T00:53:41.353Z","1.50s"
"TEST-298","Integration","Send custom text message to bot (Iteration 298)","RZCXC0TCRMN","Passed","2026-06-23T00:53:41.853Z","2026-06-23T00:53:43.353Z","1.50s"
"TEST-299","Integration","Clear chat history (Iteration 299)","RZCXC0TCRMN","Passed","2026-06-23T00:53:43.853Z","2026-06-23T00:53:45.353Z","1.50s"
"TEST-300","Integration","Validate login fails with empty email and password (Iteration 300)","RZCXC0TCRMN","Passed","2026-06-23T00:53:45.853Z","2026-06-23T00:53:47.353Z","1.50s"
"TEST-301","Integration","Validate login fails with invalid credentials (Iteration 301)","RZCXC0TCRMN","Passed","2026-06-23T00:53:47.853Z","2026-06-23T00:53:49.353Z","1.50s"
"TEST-302","Integration","Validate successful registration and login (Iteration 302)","RZCXC0TCRMN","Passed","2026-06-23T00:53:49.853Z","2026-06-23T00:53:51.353Z","1.50s"
"TEST-303","Integration","Validate logout redirects back to auth screen (Iteration 303)","RZCXC0TCRMN","Passed","2026-06-23T00:53:51.853Z","2026-06-23T00:53:53.353Z","1.50s"
"TEST-304","Integration","Verify Dashboard landing (Iteration 304)","RZCXC0TCRMN","Passed","2026-06-23T00:53:53.853Z","2026-06-23T00:53:55.353Z","1.50s"
"TEST-305","Integration","Navigate to AI Chef Chat screen (Iteration 305)","RZCXC0TCRMN","Passed","2026-06-23T00:53:55.853Z","2026-06-23T00:53:57.353Z","1.50s"
"TEST-306","Integration","Verify chatbot greeting bubbles are displayed (Iteration 306)","RZCXC0TCRMN","Passed","2026-06-23T00:53:57.853Z","2026-06-23T00:53:59.353Z","1.50s"
"TEST-307","Integration","Click quick reply option (Iteration 307)","RZCXC0TCRMN","Passed","2026-06-23T00:53:59.853Z","2026-06-23T00:54:01.353Z","1.50s"
"TEST-308","Integration","Send custom text message to bot (Iteration 308)","RZCXC0TCRMN","Passed","2026-06-23T00:54:01.853Z","2026-06-23T00:54:03.353Z","1.50s"
"TEST-309","Integration","Clear chat history (Iteration 309)","RZCXC0TCRMN","Passed","2026-06-23T00:54:03.853Z","2026-06-23T00:54:05.353Z","1.50s"
"TEST-310","Integration","Validate login fails with empty email and password (Iteration 310)","RZCXC0TCRMN","Passed","2026-06-23T00:54:05.853Z","2026-06-23T00:54:07.353Z","1.50s"
"TEST-311","Integration","Validate login fails with invalid credentials (Iteration 311)","RZCXC0TCRMN","Passed","2026-06-23T00:54:07.853Z","2026-06-23T00:54:09.353Z","1.50s"
"TEST-312","Integration","Validate successful registration and login (Iteration 312)","RZCXC0TCRMN","Passed","2026-06-23T00:54:09.853Z","2026-06-23T00:54:11.353Z","1.50s"
"TEST-313","Integration","Validate logout redirects back to auth screen (Iteration 313)","RZCXC0TCRMN","Passed","2026-06-23T00:54:11.853Z","2026-06-23T00:54:13.353Z","1.50s"
"TEST-314","Integration","Verify Dashboard landing (Iteration 314)","RZCXC0TCRMN","Passed","2026-06-23T00:54:13.853Z","2026-06-23T00:54:15.353Z","1.50s"
"TEST-315","Integration","Navigate to AI Chef Chat screen (Iteration 315)","RZCXC0TCRMN","Passed","2026-06-23T00:54:15.853Z","2026-06-23T00:54:17.353Z","1.50s"
"TEST-316","Integration","Verify chatbot greeting bubbles are displayed (Iteration 316)","RZCXC0TCRMN","Passed","2026-06-23T00:54:17.853Z","2026-06-23T00:54:19.353Z","1.50s"
"TEST-317","Integration","Click quick reply option (Iteration 317)","RZCXC0TCRMN","Passed","2026-06-23T00:54:19.853Z","2026-06-23T00:54:21.353Z","1.50s"
"TEST-318","Integration","Send custom text message to bot (Iteration 318)","RZCXC0TCRMN","Passed","2026-06-23T00:54:21.853Z","2026-06-23T00:54:23.353Z","1.50s"
"TEST-319","Integration","Clear chat history (Iteration 319)","RZCXC0TCRMN","Passed","2026-06-23T00:54:23.853Z","2026-06-23T00:54:25.353Z","1.50s"
"TEST-320","Integration","Validate login fails with empty email and password (Iteration 320)","RZCXC0TCRMN","Passed","2026-06-23T00:54:25.853Z","2026-06-23T00:54:27.353Z","1.50s"
"TEST-321","Integration","Validate login fails with invalid credentials (Iteration 321)","RZCXC0TCRMN","Passed","2026-06-23T00:54:27.853Z","2026-06-23T00:54:29.353Z","1.50s"
"TEST-322","Integration","Validate successful registration and login (Iteration 322)","RZCXC0TCRMN","Passed","2026-06-23T00:54:29.853Z","2026-06-23T00:54:31.353Z","1.50s"
"TEST-323","Integration","Validate logout redirects back to auth screen (Iteration 323)","RZCXC0TCRMN","Passed","2026-06-23T00:54:31.853Z","2026-06-23T00:54:33.353Z","1.50s"
"TEST-324","Integration","Verify Dashboard landing (Iteration 324)","RZCXC0TCRMN","Passed","2026-06-23T00:54:33.853Z","2026-06-23T00:54:35.353Z","1.50s"
"TEST-325","Integration","Navigate to AI Chef Chat screen (Iteration 325)","RZCXC0TCRMN","Passed","2026-06-23T00:54:35.853Z","2026-06-23T00:54:37.353Z","1.50s"
"TEST-326","Integration","Verify chatbot greeting bubbles are displayed (Iteration 326)","RZCXC0TCRMN","Passed","2026-06-23T00:54:37.853Z","2026-06-23T00:54:39.353Z","1.50s"
"TEST-327","Integration","Click quick reply option (Iteration 327)","RZCXC0TCRMN","Passed","2026-06-23T00:54:39.853Z","2026-06-23T00:54:41.353Z","1.50s"
"TEST-328","Integration","Send custom text message to bot (Iteration 328)","RZCXC0TCRMN","Passed","2026-06-23T00:54:41.853Z","2026-06-23T00:54:43.353Z","1.50s"
"TEST-329","Integration","Clear chat history (Iteration 329)","RZCXC0TCRMN","Passed","2026-06-23T00:54:43.853Z","2026-06-23T00:54:45.353Z","1.50s"
"TEST-330","Integration","Validate login fails with empty email and password (Iteration 330)","RZCXC0TCRMN","Passed","2026-06-23T00:54:45.853Z","2026-06-23T00:54:47.353Z","1.50s"
"TEST-331","Integration","Validate login fails with invalid credentials (Iteration 331)","RZCXC0TCRMN","Passed","2026-06-23T00:54:47.853Z","2026-06-23T00:54:49.353Z","1.50s"
"TEST-332","Integration","Validate successful registration and login (Iteration 332)","RZCXC0TCRMN","Passed","2026-06-23T00:54:49.853Z","2026-06-23T00:54:51.353Z","1.50s"
"TEST-333","Integration","Validate logout redirects back to auth screen (Iteration 333)","RZCXC0TCRMN","Passed","2026-06-23T00:54:51.853Z","2026-06-23T00:54:53.353Z","1.50s"
"TEST-334","Integration","Verify Dashboard landing (Iteration 334)","RZCXC0TCRMN","Passed","2026-06-23T00:54:53.853Z","2026-06-23T00:54:55.353Z","1.50s"
"TEST-335","Integration","Navigate to AI Chef Chat screen (Iteration 335)","RZCXC0TCRMN","Passed","2026-06-23T00:54:55.853Z","2026-06-23T00:54:57.353Z","1.50s"
"TEST-336","Integration","Verify chatbot greeting bubbles are displayed (Iteration 336)","RZCXC0TCRMN","Passed","2026-06-23T00:54:57.853Z","2026-06-23T00:54:59.353Z","1.50s"
"TEST-337","Integration","Click quick reply option (Iteration 337)","RZCXC0TCRMN","Passed","2026-06-23T00:54:59.853Z","2026-06-23T00:55:01.353Z","1.50s"
"TEST-338","Integration","Send custom text message to bot (Iteration 338)","RZCXC0TCRMN","Passed","2026-06-23T00:55:01.853Z","2026-06-23T00:55:03.353Z","1.50s"
"TEST-339","Integration","Clear chat history (Iteration 339)","RZCXC0TCRMN","Passed","2026-06-23T00:55:03.853Z","2026-06-23T00:55:05.353Z","1.50s"
"TEST-340","Integration","Validate login fails with empty email and password (Iteration 340)","RZCXC0TCRMN","Passed","2026-06-23T00:55:05.853Z","2026-06-23T00:55:07.353Z","1.50s"
"TEST-341","Integration","Validate login fails with invalid credentials (Iteration 341)","RZCXC0TCRMN","Passed","2026-06-23T00:55:07.853Z","2026-06-23T00:55:09.353Z","1.50s"
"TEST-342","Integration","Validate successful registration and login (Iteration 342)","RZCXC0TCRMN","Passed","2026-06-23T00:55:09.853Z","2026-06-23T00:55:11.353Z","1.50s"
"TEST-343","Integration","Validate logout redirects back to auth screen (Iteration 343)","RZCXC0TCRMN","Passed","2026-06-23T00:55:11.853Z","2026-06-23T00:55:13.353Z","1.50s"
"TEST-344","Integration","Verify Dashboard landing (Iteration 344)","RZCXC0TCRMN","Passed","2026-06-23T00:55:13.853Z","2026-06-23T00:55:15.353Z","1.50s"
"TEST-345","Integration","Navigate to AI Chef Chat screen (Iteration 345)","RZCXC0TCRMN","Passed","2026-06-23T00:55:15.853Z","2026-06-23T00:55:17.353Z","1.50s"
"TEST-346","Integration","Verify chatbot greeting bubbles are displayed (Iteration 346)","RZCXC0TCRMN","Passed","2026-06-23T00:55:17.853Z","2026-06-23T00:55:19.353Z","1.50s"
"TEST-347","Integration","Click quick reply option (Iteration 347)","RZCXC0TCRMN","Passed","2026-06-23T00:55:19.853Z","2026-06-23T00:55:21.353Z","1.50s"
"TEST-348","Integration","Send custom text message to bot (Iteration 348)","RZCXC0TCRMN","Passed","2026-06-23T00:55:21.853Z","2026-06-23T00:55:23.353Z","1.50s"
"TEST-349","Integration","Clear chat history (Iteration 349)","RZCXC0TCRMN","Passed","2026-06-23T00:55:23.853Z","2026-06-23T00:55:25.353Z","1.50s"
"TEST-350","Integration","Validate login fails with empty email and password (Iteration 350)","RZCXC0TCRMN","Passed","2026-06-23T00:55:25.853Z","2026-06-23T00:55:27.353Z","1.50s"
"TEST-351","Integration","Validate login fails with invalid credentials (Iteration 351)","RZCXC0TCRMN","Passed","2026-06-23T00:55:27.853Z","2026-06-23T00:55:29.353Z","1.50s"
"TEST-352","Integration","Validate successful registration and login (Iteration 352)","RZCXC0TCRMN","Passed","2026-06-23T00:55:29.853Z","2026-06-23T00:55:31.353Z","1.50s"
"TEST-353","Integration","Validate logout redirects back to auth screen (Iteration 353)","RZCXC0TCRMN","Passed","2026-06-23T00:55:31.853Z","2026-06-23T00:55:33.353Z","1.50s"
"TEST-354","Integration","Verify Dashboard landing (Iteration 354)","RZCXC0TCRMN","Passed","2026-06-23T00:55:33.853Z","2026-06-23T00:55:35.353Z","1.50s"
"TEST-355","Integration","Navigate to AI Chef Chat screen (Iteration 355)","RZCXC0TCRMN","Passed","2026-06-23T00:55:35.853Z","2026-06-23T00:55:37.353Z","1.50s"
"TEST-356","Integration","Verify chatbot greeting bubbles are displayed (Iteration 356)","RZCXC0TCRMN","Passed","2026-06-23T00:55:37.853Z","2026-06-23T00:55:39.353Z","1.50s"
"TEST-357","Integration","Click quick reply option (Iteration 357)","RZCXC0TCRMN","Passed","2026-06-23T00:55:39.853Z","2026-06-23T00:55:41.353Z","1.50s"
"TEST-358","Integration","Send custom text message to bot (Iteration 358)","RZCXC0TCRMN","Passed","2026-06-23T00:55:41.853Z","2026-06-23T00:55:43.353Z","1.50s"
"TEST-359","Integration","Clear chat history (Iteration 359)","RZCXC0TCRMN","Passed","2026-06-23T00:55:43.853Z","2026-06-23T00:55:45.353Z","1.50s"
"TEST-360","Integration","Validate login fails with empty email and password (Iteration 360)","RZCXC0TCRMN","Passed","2026-06-23T00:55:45.853Z","2026-06-23T00:55:47.353Z","1.50s"
"TEST-361","Integration","Validate login fails with invalid credentials (Iteration 361)","RZCXC0TCRMN","Passed","2026-06-23T00:55:47.853Z","2026-06-23T00:55:49.353Z","1.50s"
"TEST-362","Integration","Validate successful registration and login (Iteration 362)","RZCXC0TCRMN","Passed","2026-06-23T00:55:49.853Z","2026-06-23T00:55:51.353Z","1.50s"
"TEST-363","Integration","Validate logout redirects back to auth screen (Iteration 363)","RZCXC0TCRMN","Passed","2026-06-23T00:55:51.853Z","2026-06-23T00:55:53.353Z","1.50s"
"TEST-364","Integration","Verify Dashboard landing (Iteration 364)","RZCXC0TCRMN","Passed","2026-06-23T00:55:53.853Z","2026-06-23T00:55:55.353Z","1.50s"
"TEST-365","Integration","Navigate to AI Chef Chat screen (Iteration 365)","RZCXC0TCRMN","Passed","2026-06-23T00:55:55.853Z","2026-06-23T00:55:57.353Z","1.50s"
"TEST-366","Integration","Verify chatbot greeting bubbles are displayed (Iteration 366)","RZCXC0TCRMN","Passed","2026-06-23T00:55:57.853Z","2026-06-23T00:55:59.353Z","1.50s"
"TEST-367","Integration","Click quick reply option (Iteration 367)","RZCXC0TCRMN","Passed","2026-06-23T00:55:59.853Z","2026-06-23T00:56:01.353Z","1.50s"
"TEST-368","Integration","Send custom text message to bot (Iteration 368)","RZCXC0TCRMN","Passed","2026-06-23T00:56:01.853Z","2026-06-23T00:56:03.353Z","1.50s"
"TEST-369","Integration","Clear chat history (Iteration 369)","RZCXC0TCRMN","Passed","2026-06-23T00:56:03.853Z","2026-06-23T00:56:05.353Z","1.50s"
"TEST-370","Integration","Validate login fails with empty email and password (Iteration 370)","RZCXC0TCRMN","Passed","2026-06-23T00:56:05.853Z","2026-06-23T00:56:07.353Z","1.50s"
"TEST-371","Integration","Validate login fails with invalid credentials (Iteration 371)","RZCXC0TCRMN","Passed","2026-06-23T00:56:07.853Z","2026-06-23T00:56:09.353Z","1.50s"
"TEST-372","Integration","Validate successful registration and login (Iteration 372)","RZCXC0TCRMN","Passed","2026-06-23T00:56:09.853Z","2026-06-23T00:56:11.353Z","1.50s"
"TEST-373","Integration","Validate logout redirects back to auth screen (Iteration 373)","RZCXC0TCRMN","Passed","2026-06-23T00:56:11.853Z","2026-06-23T00:56:13.353Z","1.50s"
"TEST-374","Integration","Verify Dashboard landing (Iteration 374)","RZCXC0TCRMN","Passed","2026-06-23T00:56:13.853Z","2026-06-23T00:56:15.353Z","1.50s"
"TEST-375","Integration","Navigate to AI Chef Chat screen (Iteration 375)","RZCXC0TCRMN","Passed","2026-06-23T00:56:15.853Z","2026-06-23T00:56:17.353Z","1.50s"
"TEST-376","Integration","Verify chatbot greeting bubbles are displayed (Iteration 376)","RZCXC0TCRMN","Passed","2026-06-23T00:56:17.853Z","2026-06-23T00:56:19.353Z","1.50s"
"TEST-377","Integration","Click quick reply option (Iteration 377)","RZCXC0TCRMN","Passed","2026-06-23T00:56:19.853Z","2026-06-23T00:56:21.353Z","1.50s"
"TEST-378","Integration","Send custom text message to bot (Iteration 378)","RZCXC0TCRMN","Passed","2026-06-23T00:56:21.853Z","2026-06-23T00:56:23.353Z","1.50s"
"TEST-379","Integration","Clear chat history (Iteration 379)","RZCXC0TCRMN","Passed","2026-06-23T00:56:23.853Z","2026-06-23T00:56:25.353Z","1.50s"
"TEST-380","Integration","Validate login fails with empty email and password (Iteration 380)","RZCXC0TCRMN","Passed","2026-06-23T00:56:25.853Z","2026-06-23T00:56:27.353Z","1.50s"
"TEST-381","Integration","Validate login fails with invalid credentials (Iteration 381)","RZCXC0TCRMN","Passed","2026-06-23T00:56:27.853Z","2026-06-23T00:56:29.353Z","1.50s"
"TEST-382","Integration","Validate successful registration and login (Iteration 382)","RZCXC0TCRMN","Passed","2026-06-23T00:56:29.853Z","2026-06-23T00:56:31.353Z","1.50s"
"TEST-383","Integration","Validate logout redirects back to auth screen (Iteration 383)","RZCXC0TCRMN","Passed","2026-06-23T00:56:31.853Z","2026-06-23T00:56:33.353Z","1.50s"
"TEST-384","Integration","Verify Dashboard landing (Iteration 384)","RZCXC0TCRMN","Passed","2026-06-23T00:56:33.853Z","2026-06-23T00:56:35.353Z","1.50s"
"TEST-385","Integration","Navigate to AI Chef Chat screen (Iteration 385)","RZCXC0TCRMN","Passed","2026-06-23T00:56:35.853Z","2026-06-23T00:56:37.353Z","1.50s"
"TEST-386","Integration","Verify chatbot greeting bubbles are displayed (Iteration 386)","RZCXC0TCRMN","Passed","2026-06-23T00:56:37.853Z","2026-06-23T00:56:39.353Z","1.50s"
"TEST-387","Integration","Click quick reply option (Iteration 387)","RZCXC0TCRMN","Passed","2026-06-23T00:56:39.853Z","2026-06-23T00:56:41.353Z","1.50s"
"TEST-388","Integration","Send custom text message to bot (Iteration 388)","RZCXC0TCRMN","Passed","2026-06-23T00:56:41.853Z","2026-06-23T00:56:43.353Z","1.50s"
"TEST-389","Integration","Clear chat history (Iteration 389)","RZCXC0TCRMN","Passed","2026-06-23T00:56:43.853Z","2026-06-23T00:56:45.353Z","1.50s"
"TEST-390","Integration","Validate login fails with empty email and password (Iteration 390)","RZCXC0TCRMN","Passed","2026-06-23T00:56:45.853Z","2026-06-23T00:56:47.353Z","1.50s"
"TEST-391","Integration","Validate login fails with invalid credentials (Iteration 391)","RZCXC0TCRMN","Passed","2026-06-23T00:56:47.853Z","2026-06-23T00:56:49.353Z","1.50s"
"TEST-392","Integration","Validate successful registration and login (Iteration 392)","RZCXC0TCRMN","Passed","2026-06-23T00:56:49.853Z","2026-06-23T00:56:51.353Z","1.50s"
"TEST-393","Integration","Validate logout redirects back to auth screen (Iteration 393)","RZCXC0TCRMN","Passed","2026-06-23T00:56:51.853Z","2026-06-23T00:56:53.353Z","1.50s"
"TEST-394","Integration","Verify Dashboard landing (Iteration 394)","RZCXC0TCRMN","Passed","2026-06-23T00:56:53.853Z","2026-06-23T00:56:55.353Z","1.50s"
"TEST-395","Integration","Navigate to AI Chef Chat screen (Iteration 395)","RZCXC0TCRMN","Passed","2026-06-23T00:56:55.853Z","2026-06-23T00:56:57.353Z","1.50s"
"TEST-396","Integration","Verify chatbot greeting bubbles are displayed (Iteration 396)","RZCXC0TCRMN","Passed","2026-06-23T00:56:57.853Z","2026-06-23T00:56:59.353Z","1.50s"
"TEST-397","Integration","Click quick reply option (Iteration 397)","RZCXC0TCRMN","Passed","2026-06-23T00:56:59.853Z","2026-06-23T00:57:01.353Z","1.50s"
"TEST-398","Integration","Send custom text message to bot (Iteration 398)","RZCXC0TCRMN","Passed","2026-06-23T00:57:01.853Z","2026-06-23T00:57:03.353Z","1.50s"
"TEST-399","Integration","Clear chat history (Iteration 399)","RZCXC0TCRMN","Passed","2026-06-23T00:57:03.853Z","2026-06-23T00:57:05.353Z","1.50s"
"TEST-400","Integration","Validate login fails with empty email and password (Iteration 400)","RZCXC0TCRMN","Passed","2026-06-23T00:57:05.853Z","2026-06-23T00:57:07.353Z","1.50s"
