"Timestamp","Test Name","Step","Result","Remarks"
"2026-06-23T00:43:47.353Z","Execution Log Item 1","Step 1","Success","Completed step 1 successfully"
"2026-06-23T00:43:48.853Z","Execution Log Item 2","Step 2","Success","Completed step 2 successfully"
"2026-06-23T00:43:50.353Z","Execution Log Item 3","Step 3","Success","Completed step 3 successfully"
"2026-06-23T00:43:51.853Z","Execution Log Item 4","Step 4","Success","Completed step 4 successfully"
"2026-06-23T00:43:53.353Z","Execution Log Item 5","Step 5","Success","Completed step 5 successfully"
"2026-06-23T00:43:54.853Z","Execution Log Item 6","Step 6","Success","Completed step 6 successfully"
"2026-06-23T00:43:56.353Z","Execution Log Item 7","Step 7","Success","Completed step 7 successfully"
"2026-06-23T00:43:57.853Z","Execution Log Item 8","Step 8","Success","Completed step 8 successfully"
"2026-06-23T00:43:59.353Z","Execution Log Item 9","Step 9","Success","Completed step 9 successfully"
"2026-06-23T00:44:00.853Z","Execution Log Item 10","Step 10","Success","Completed step 10 successfully"
"2026-06-23T00:44:02.353Z","Execution Log Item 11","Step 11","Success","Completed step 11 successfully"
"2026-06-23T00:44:03.853Z","Execution Log Item 12","Step 12","Success","Completed step 12 successfully"
"2026-06-23T00:44:05.353Z","Execution Log Item 13","Step 13","Success","Completed step 13 successfully"
"2026-06-23T00:44:06.853Z","Execution Log Item 14","Step 14","Success","Completed step 14 successfully"
"2026-06-23T00:44:08.353Z","Execution Log Item 15","Step 15","Success","Completed step 15 successfully"
"2026-06-23T00:44:09.853Z","Execution Log Item 16","Step 16","Success","Completed step 16 successfully"
"2026-06-23T00:44:11.353Z","Execution Log Item 17","Step 17","Success","Completed step 17 successfully"
"2026-06-23T00:44:12.853Z","Execution Log Item 18","Step 18","Success","Completed step 18 successfully"
"2026-06-23T00:44:14.353Z","Execution Log Item 19","Step 19","Success","Completed step 19 successfully"
"2026-06-23T00:44:15.853Z","Execution Log Item 20","Step 20","Success","Completed step 20 successfully"
"2026-06-23T00:44:17.353Z","Execution Log Item 21","Step 21","Success","Completed step 21 successfully"
"2026-06-23T00:44:18.853Z","Execution Log Item 22","Step 22","Success","Completed step 22 successfully"
"2026-06-23T00:44:20.353Z","Execution Log Item 23","Step 23","Success","Completed step 23 successfully"
"2026-06-23T00:44:21.853Z","Execution Log Item 24","Step 24","Success","Completed step 24 successfully"
"2026-06-23T00:44:23.353Z","Execution Log Item 25","Step 25","Failed","Element not found"
"2026-06-23T00:44:24.853Z","Execution Log Item 26","Step 26","Success","Completed step 26 successfully"
"2026-06-23T00:44:26.353Z","Execution Log Item 27","Step 27","Success","Completed step 27 successfully"
"2026-06-23T00:44:27.853Z","Execution Log Item 28","Step 28","Success","Completed step 28 successfully"
"2026-06-23T00:44:29.353Z","Execution Log Item 29","Step 29","Success","Completed step 29 successfully"
"2026-06-23T00:44:30.853Z","Execution Log Item 30","Step 30","Success","Completed step 30 successfully"
"2026-06-23T00:44:32.353Z","Execution Log Item 31","Step 31","Success","Completed step 31 successfully"
"2026-06-23T00:44:33.853Z","Execution Log Item 32","Step 32","Success","Completed step 32 successfully"
"2026-06-23T00:44:35.353Z","Execution Log Item 33","Step 33","Success","Completed step 33 successfully"
"2026-06-23T00:44:36.853Z","Execution Log Item 34","Step 34","Success","Completed step 34 successfully"
"2026-06-23T00:44:38.353Z","Execution Log Item 35","Step 35","Success","Completed step 35 successfully"
"2026-06-23T00:44:39.853Z","Execution Log Item 36","Step 36","Success","Completed step 36 successfully"
"2026-06-23T00:44:41.353Z","Execution Log Item 37","Step 37","Success","Completed step 37 successfully"
"2026-06-23T00:44:42.853Z","Execution Log Item 38","Step 38","Success","Completed step 38 successfully"
"2026-06-23T00:44:44.353Z","Execution Log Item 39","Step 39","Success","Completed step 39 successfully"
"2026-06-23T00:44:45.853Z","Execution Log Item 40","Step 40","Success","Completed step 40 successfully"
"2026-06-23T00:44:47.353Z","Execution Log Item 41","Step 41","Success","Completed step 41 successfully"
"2026-06-23T00:44:48.853Z","Execution Log Item 42","Step 42","Success","Completed step 42 successfully"
"2026-06-23T00:44:50.353Z","Execution Log Item 43","Step 43","Success","Completed step 43 successfully"
"2026-06-23T00:44:51.853Z","Execution Log Item 44","Step 44","Success","Completed step 44 successfully"
"2026-06-23T00:44:53.353Z","Execution Log Item 45","Step 45","Success","Completed step 45 successfully"
"2026-06-23T00:44:54.853Z","Execution Log Item 46","Step 46","Success","Completed step 46 successfully"
"2026-06-23T00:44:56.353Z","Execution Log Item 47","Step 47","Success","Completed step 47 successfully"
"2026-06-23T00:44:57.853Z","Execution Log Item 48","Step 48","Success","Completed step 48 successfully"
"2026-06-23T00:44:59.353Z","Execution Log Item 49","Step 49","Success","Completed step 49 successfully"
"2026-06-23T00:45:00.853Z","Execution Log Item 50","Step 50","Failed","Element not found"
"2026-06-23T00:45:02.353Z","Execution Log Item 51","Step 51","Success","Completed step 51 successfully"
"2026-06-23T00:45:03.853Z","Execution Log Item 52","Step 52","Success","Completed step 52 successfully"
"2026-06-23T00:45:05.353Z","Execution Log Item 53","Step 53","Success","Completed step 53 successfully"
"2026-06-23T00:45:06.853Z","Execution Log Item 54","Step 54","Success","Completed step 54 successfully"
"2026-06-23T00:45:08.353Z","Execution Log Item 55","Step 55","Success","Completed step 55 successfully"
"2026-06-23T00:45:09.853Z","Execution Log Item 56","Step 56","Success","Completed step 56 successfully"
"2026-06-23T00:45:11.353Z","Execution Log Item 57","Step 57","Success","Completed step 57 successfully"
"2026-06-23T00:45:12.853Z","Execution Log Item 58","Step 58","Success","Completed step 58 successfully"
"2026-06-23T00:45:14.353Z","Execution Log Item 59","Step 59","Success","Completed step 59 successfully"
"2026-06-23T00:45:15.853Z","Execution Log Item 60","Step 60","Success","Completed step 60 successfully"
"2026-06-23T00:45:17.353Z","Execution Log Item 61","Step 61","Success","Completed step 61 successfully"
"2026-06-23T00:45:18.853Z","Execution Log Item 62","Step 62","Success","Completed step 62 successfully"
"2026-06-23T00:45:20.353Z","Execution Log Item 63","Step 63","Success","Completed step 63 successfully"
"2026-06-23T00:45:21.853Z","Execution Log Item 64","Step 64","Success","Completed step 64 successfully"
"2026-06-23T00:45:23.353Z","Execution Log Item 65","Step 65","Success","Completed step 65 successfully"
"2026-06-23T00:45:24.853Z","Execution Log Item 66","Step 66","Success","Completed step 66 successfully"
"2026-06-23T00:45:26.353Z","Execution Log Item 67","Step 67","Success","Completed step 67 successfully"
"2026-06-23T00:45:27.853Z","Execution Log Item 68","Step 68","Success","Completed step 68 successfully"
"2026-06-23T00:45:29.353Z","Execution Log Item 69","Step 69","Success","Completed step 69 successfully"
"2026-06-23T00:45:30.853Z","Execution Log Item 70","Step 70","Success","Completed step 70 successfully"
"2026-06-23T00:45:32.353Z","Execution Log Item 71","Step 71","Success","Completed step 71 successfully"
"2026-06-23T00:45:33.853Z","Execution Log Item 72","Step 72","Success","Completed step 72 successfully"
"2026-06-23T00:45:35.353Z","Execution Log Item 73","Step 73","Success","Completed step 73 successfully"
"2026-06-23T00:45:36.853Z","Execution Log Item 74","Step 74","Success","Completed step 74 successfully"
"2026-06-23T00:45:38.353Z","Execution Log Item 75","Step 75","Failed","Element not found"
"2026-06-23T00:45:39.853Z","Execution Log Item 76","Step 76","Success","Completed step 76 successfully"
"2026-06-23T00:45:41.353Z","Execution Log Item 77","Step 77","Success","Completed step 77 successfully"
"2026-06-23T00:45:42.853Z","Execution Log Item 78","Step 78","Success","Completed step 78 successfully"
"2026-06-23T00:45:44.353Z","Execution Log Item 79","Step 79","Success","Completed step 79 successfully"
"2026-06-23T00:45:45.853Z","Execution Log Item 80","Step 80","Success","Completed step 80 successfully"
"2026-06-23T00:45:47.353Z","Execution Log Item 81","Step 81","Success","Completed step 81 successfully"
"2026-06-23T00:45:48.853Z","Execution Log Item 82","Step 82","Success","Completed step 82 successfully"
"2026-06-23T00:45:50.353Z","Execution Log Item 83","Step 83","Success","Completed step 83 successfully"
"2026-06-23T00:45:51.853Z","Execution Log Item 84","Step 84","Success","Completed step 84 successfully"
"2026-06-23T00:45:53.353Z","Execution Log Item 85","Step 85","Success","Completed step 85 successfully"
"2026-06-23T00:45:54.853Z","Execution Log Item 86","Step 86","Success","Completed step 86 successfully"
"2026-06-23T00:45:56.353Z","Execution Log Item 87","Step 87","Success","Completed step 87 successfully"
"2026-06-23T00:45:57.853Z","Execution Log Item 88","Step 88","Success","Completed step 88 successfully"
"2026-06-23T00:45:59.353Z","Execution Log Item 89","Step 89","Success","Completed step 89 successfully"
"2026-06-23T00:46:00.853Z","Execution Log Item 90","Step 90","Success","Completed step 90 successfully"
"2026-06-23T00:46:02.353Z","Execution Log Item 91","Step 91","Success","Completed step 91 successfully"
"2026-06-23T00:46:03.853Z","Execution Log Item 92","Step 92","Success","Completed step 92 successfully"
"2026-06-23T00:46:05.353Z","Execution Log Item 93","Step 93","Success","Completed step 93 successfully"
"2026-06-23T00:46:06.853Z","Execution Log Item 94","Step 94","Success","Completed step 94 successfully"
"2026-06-23T00:46:08.353Z","Execution Log Item 95","Step 95","Success","Completed step 95 successfully"
"2026-06-23T00:46:09.853Z","Execution Log Item 96","Step 96","Success","Completed step 96 successfully"
"2026-06-23T00:46:11.353Z","Execution Log Item 97","Step 97","Success","Completed step 97 successfully"
"2026-06-23T00:46:12.853Z","Execution Log Item 98","Step 98","Success","Completed step 98 successfully"
"2026-06-23T00:46:14.353Z","Execution Log Item 99","Step 99","Success","Completed step 99 successfully"
"2026-06-23T00:46:15.853Z","Execution Log Item 100","Step 100","Failed","Element not found"
"2026-06-23T00:46:17.353Z","Execution Log Item 101","Step 101","Success","Completed step 101 successfully"
"2026-06-23T00:46:18.853Z","Execution Log Item 102","Step 102","Success","Completed step 102 successfully"
"2026-06-23T00:46:20.353Z","Execution Log Item 103","Step 103","Success","Completed step 103 successfully"
"2026-06-23T00:46:21.853Z","Execution Log Item 104","Step 104","Success","Completed step 104 successfully"
"2026-06-23T00:46:23.353Z","Execution Log Item 105","Step 105","Success","Completed step 105 successfully"
"2026-06-23T00:46:24.853Z","Execution Log Item 106","Step 106","Success","Completed step 106 successfully"
"2026-06-23T00:46:26.353Z","Execution Log Item 107","Step 107","Success","Completed step 107 successfully"
"2026-06-23T00:46:27.853Z","Execution Log Item 108","Step 108","Success","Completed step 108 successfully"
"2026-06-23T00:46:29.353Z","Execution Log Item 109","Step 109","Success","Completed step 109 successfully"
"2026-06-23T00:46:30.853Z","Execution Log Item 110","Step 110","Success","Completed step 110 successfully"
"2026-06-23T00:46:32.353Z","Execution Log Item 111","Step 111","Success","Completed step 111 successfully"
"2026-06-23T00:46:33.853Z","Execution Log Item 112","Step 112","Success","Completed step 112 successfully"
"2026-06-23T00:46:35.353Z","Execution Log Item 113","Step 113","Success","Completed step 113 successfully"
"2026-06-23T00:46:36.853Z","Execution Log Item 114","Step 114","Success","Completed step 114 successfully"
"2026-06-23T00:46:38.353Z","Execution Log Item 115","Step 115","Success","Completed step 115 successfully"
"2026-06-23T00:46:39.853Z","Execution Log Item 116","Step 116","Success","Completed step 116 successfully"
"2026-06-23T00:46:41.353Z","Execution Log Item 117","Step 117","Success","Completed step 117 successfully"
"2026-06-23T00:46:42.853Z","Execution Log Item 118","Step 118","Success","Completed step 118 successfully"
"2026-06-23T00:46:44.353Z","Execution Log Item 119","Step 119","Success","Completed step 119 successfully"
"2026-06-23T00:46:45.853Z","Execution Log Item 120","Step 120","Success","Completed step 120 successfully"
"2026-06-23T00:46:47.353Z","Execution Log Item 121","Step 121","Success","Completed step 121 successfully"
"2026-06-23T00:46:48.853Z","Execution Log Item 122","Step 122","Success","Completed step 122 successfully"
"2026-06-23T00:46:50.353Z","Execution Log Item 123","Step 123","Success","Completed step 123 successfully"
"2026-06-23T00:46:51.853Z","Execution Log Item 124","Step 124","Success","Completed step 124 successfully"
"2026-06-23T00:46:53.353Z","Execution Log Item 125","Step 125","Failed","Element not found"
"2026-06-23T00:46:54.853Z","Execution Log Item 126","Step 126","Success","Completed step 126 successfully"
"2026-06-23T00:46:56.353Z","Execution Log Item 127","Step 127","Success","Completed step 127 successfully"
"2026-06-23T00:46:57.853Z","Execution Log Item 128","Step 128","Success","Completed step 128 successfully"
"2026-06-23T00:46:59.353Z","Execution Log Item 129","Step 129","Success","Completed step 129 successfully"
"2026-06-23T00:47:00.853Z","Execution Log Item 130","Step 130","Success","Completed step 130 successfully"
"2026-06-23T00:47:02.353Z","Execution Log Item 131","Step 131","Success","Completed step 131 successfully"
"2026-06-23T00:47:03.853Z","Execution Log Item 132","Step 132","Success","Completed step 132 successfully"
"2026-06-23T00:47:05.353Z","Execution Log Item 133","Step 133","Success","Completed step 133 successfully"
"2026-06-23T00:47:06.853Z","Execution Log Item 134","Step 134","Success","Completed step 134 successfully"
"2026-06-23T00:47:08.353Z","Execution Log Item 135","Step 135","Success","Completed step 135 successfully"
"2026-06-23T00:47:09.853Z","Execution Log Item 136","Step 136","Success","Completed step 136 successfully"
"2026-06-23T00:47:11.353Z","Execution Log Item 137","Step 137","Success","Completed step 137 successfully"
"2026-06-23T00:47:12.853Z","Execution Log Item 138","Step 138","Success","Completed step 138 successfully"
"2026-06-23T00:47:14.353Z","Execution Log Item 139","Step 139","Success","Completed step 139 successfully"
"2026-06-23T00:47:15.853Z","Execution Log Item 140","Step 140","Success","Completed step 140 successfully"
"2026-06-23T00:47:17.353Z","Execution Log Item 141","Step 141","Success","Completed step 141 successfully"
"2026-06-23T00:47:18.853Z","Execution Log Item 142","Step 142","Success","Completed step 142 successfully"
"2026-06-23T00:47:20.353Z","Execution Log Item 143","Step 143","Success","Completed step 143 successfully"
"2026-06-23T00:47:21.853Z","Execution Log Item 144","Step 144","Success","Completed step 144 successfully"
"2026-06-23T00:47:23.353Z","Execution Log Item 145","Step 145","Success","Completed step 145 successfully"
"2026-06-23T00:47:24.853Z","Execution Log Item 146","Step 146","Success","Completed step 146 successfully"
"2026-06-23T00:47:26.353Z","Execution Log Item 147","Step 147","Success","Completed step 147 successfully"
"2026-06-23T00:47:27.853Z","Execution Log Item 148","Step 148","Success","Completed step 148 successfully"
"2026-06-23T00:47:29.353Z","Execution Log Item 149","Step 149","Success","Completed step 149 successfully"
"2026-06-23T00:47:30.853Z","Execution Log Item 150","Step 150","Failed","Element not found"
"2026-06-23T00:47:32.353Z","Execution Log Item 151","Step 151","Success","Completed step 151 successfully"
"2026-06-23T00:47:33.853Z","Execution Log Item 152","Step 152","Success","Completed step 152 successfully"
"2026-06-23T00:47:35.353Z","Execution Log Item 153","Step 153","Success","Completed step 153 successfully"
"2026-06-23T00:47:36.853Z","Execution Log Item 154","Step 154","Success","Completed step 154 successfully"
"2026-06-23T00:47:38.353Z","Execution Log Item 155","Step 155","Success","Completed step 155 successfully"
"2026-06-23T00:47:39.853Z","Execution Log Item 156","Step 156","Success","Completed step 156 successfully"
"2026-06-23T00:47:41.353Z","Execution Log Item 157","Step 157","Success","Completed step 157 successfully"
"2026-06-23T00:47:42.853Z","Execution Log Item 158","Step 158","Success","Completed step 158 successfully"
"2026-06-23T00:47:44.353Z","Execution Log Item 159","Step 159","Success","Completed step 159 successfully"
"2026-06-23T00:47:45.853Z","Execution Log Item 160","Step 160","Success","Completed step 160 successfully"
"2026-06-23T00:47:47.353Z","Execution Log Item 161","Step 161","Success","Completed step 161 successfully"
"2026-06-23T00:47:48.853Z","Execution Log Item 162","Step 162","Success","Completed step 162 successfully"
"2026-06-23T00:47:50.353Z","Execution Log Item 163","Step 163","Success","Completed step 163 successfully"
"2026-06-23T00:47:51.853Z","Execution Log Item 164","Step 164","Success","Completed step 164 successfully"
"2026-06-23T00:47:53.353Z","Execution Log Item 165","Step 165","Success","Completed step 165 successfully"
"2026-06-23T00:47:54.853Z","Execution Log Item 166","Step 166","Success","Completed step 166 successfully"
"2026-06-23T00:47:56.353Z","Execution Log Item 167","Step 167","Success","Completed step 167 successfully"
"2026-06-23T00:47:57.853Z","Execution Log Item 168","Step 168","Success","Completed step 168 successfully"
"2026-06-23T00:47:59.353Z","Execution Log Item 169","Step 169","Success","Completed step 169 successfully"
"2026-06-23T00:48:00.853Z","Execution Log Item 170","Step 170","Success","Completed step 170 successfully"
"2026-06-23T00:48:02.353Z","Execution Log Item 171","Step 171","Success","Completed step 171 successfully"
"2026-06-23T00:48:03.853Z","Execution Log Item 172","Step 172","Success","Completed step 172 successfully"
"2026-06-23T00:48:05.353Z","Execution Log Item 173","Step 173","Success","Completed step 173 successfully"
"2026-06-23T00:48:06.853Z","Execution Log Item 174","Step 174","Success","Completed step 174 successfully"
"2026-06-23T00:48:08.353Z","Execution Log Item 175","Step 175","Failed","Element not found"
"2026-06-23T00:48:09.853Z","Execution Log Item 176","Step 176","Success","Completed step 176 successfully"
"2026-06-23T00:48:11.353Z","Execution Log Item 177","Step 177","Success","Completed step 177 successfully"
"2026-06-23T00:48:12.853Z","Execution Log Item 178","Step 178","Success","Completed step 178 successfully"
"2026-06-23T00:48:14.353Z","Execution Log Item 179","Step 179","Success","Completed step 179 successfully"
"2026-06-23T00:48:15.853Z","Execution Log Item 180","Step 180","Success","Completed step 180 successfully"
"2026-06-23T00:48:17.353Z","Execution Log Item 181","Step 181","Success","Completed step 181 successfully"
"2026-06-23T00:48:18.853Z","Execution Log Item 182","Step 182","Success","Completed step 182 successfully"
"2026-06-23T00:48:20.353Z","Execution Log Item 183","Step 183","Success","Completed step 183 successfully"
"2026-06-23T00:48:21.853Z","Execution Log Item 184","Step 184","Success","Completed step 184 successfully"
"2026-06-23T00:48:23.353Z","Execution Log Item 185","Step 185","Success","Completed step 185 successfully"
"2026-06-23T00:48:24.853Z","Execution Log Item 186","Step 186","Success","Completed step 186 successfully"
"2026-06-23T00:48:26.353Z","Execution Log Item 187","Step 187","Success","Completed step 187 successfully"
"2026-06-23T00:48:27.853Z","Execution Log Item 188","Step 188","Success","Completed step 188 successfully"
"2026-06-23T00:48:29.353Z","Execution Log Item 189","Step 189","Success","Completed step 189 successfully"
"2026-06-23T00:48:30.853Z","Execution Log Item 190","Step 190","Success","Completed step 190 successfully"
"2026-06-23T00:48:32.353Z","Execution Log Item 191","Step 191","Success","Completed step 191 successfully"
"2026-06-23T00:48:33.853Z","Execution Log Item 192","Step 192","Success","Completed step 192 successfully"
"2026-06-23T00:48:35.353Z","Execution Log Item 193","Step 193","Success","Completed step 193 successfully"
"2026-06-23T00:48:36.853Z","Execution Log Item 194","Step 194","Success","Completed step 194 successfully"
"2026-06-23T00:48:38.353Z","Execution Log Item 195","Step 195","Success","Completed step 195 successfully"
"2026-06-23T00:48:39.853Z","Execution Log Item 196","Step 196","Success","Completed step 196 successfully"
"2026-06-23T00:48:41.353Z","Execution Log Item 197","Step 197","Success","Completed step 197 successfully"
"2026-06-23T00:48:42.853Z","Execution Log Item 198","Step 198","Success","Completed step 198 successfully"
"2026-06-23T00:48:44.353Z","Execution Log Item 199","Step 199","Success","Completed step 199 successfully"
"2026-06-23T00:48:45.853Z","Execution Log Item 200","Step 200","Failed","Element not found"
"2026-06-23T00:48:47.353Z","Execution Log Item 201","Step 201","Success","Completed step 201 successfully"
"2026-06-23T00:48:48.853Z","Execution Log Item 202","Step 202","Success","Completed step 202 successfully"
"2026-06-23T00:48:50.353Z","Execution Log Item 203","Step 203","Success","Completed step 203 successfully"
"2026-06-23T00:48:51.853Z","Execution Log Item 204","Step 204","Success","Completed step 204 successfully"
"2026-06-23T00:48:53.353Z","Execution Log Item 205","Step 205","Success","Completed step 205 successfully"
"2026-06-23T00:48:54.853Z","Execution Log Item 206","Step 206","Success","Completed step 206 successfully"
"2026-06-23T00:48:56.353Z","Execution Log Item 207","Step 207","Success","Completed step 207 successfully"
"2026-06-23T00:48:57.853Z","Execution Log Item 208","Step 208","Success","Completed step 208 successfully"
"2026-06-23T00:48:59.353Z","Execution Log Item 209","Step 209","Success","Completed step 209 successfully"
"2026-06-23T00:49:00.853Z","Execution Log Item 210","Step 210","Success","Completed step 210 successfully"
"2026-06-23T00:49:02.353Z","Execution Log Item 211","Step 211","Success","Completed step 211 successfully"
"2026-06-23T00:49:03.853Z","Execution Log Item 212","Step 212","Success","Completed step 212 successfully"
"2026-06-23T00:49:05.353Z","Execution Log Item 213","Step 213","Success","Completed step 213 successfully"
"2026-06-23T00:49:06.853Z","Execution Log Item 214","Step 214","Success","Completed step 214 successfully"
"2026-06-23T00:49:08.353Z","Execution Log Item 215","Step 215","Success","Completed step 215 successfully"
"2026-06-23T00:49:09.853Z","Execution Log Item 216","Step 216","Success","Completed step 216 successfully"
"2026-06-23T00:49:11.353Z","Execution Log Item 217","Step 217","Success","Completed step 217 successfully"
"2026-06-23T00:49:12.853Z","Execution Log Item 218","Step 218","Success","Completed step 218 successfully"
"2026-06-23T00:49:14.353Z","Execution Log Item 219","Step 219","Success","Completed step 219 successfully"
"2026-06-23T00:49:15.853Z","Execution Log Item 220","Step 220","Success","Completed step 220 successfully"
"2026-06-23T00:49:17.353Z","Execution Log Item 221","Step 221","Success","Completed step 221 successfully"
"2026-06-23T00:49:18.853Z","Execution Log Item 222","Step 222","Success","Completed step 222 successfully"
"2026-06-23T00:49:20.353Z","Execution Log Item 223","Step 223","Success","Completed step 223 successfully"
"2026-06-23T00:49:21.853Z","Execution Log Item 224","Step 224","Success","Completed step 224 successfully"
"2026-06-23T00:49:23.353Z","Execution Log Item 225","Step 225","Failed","Element not found"
"2026-06-23T00:49:24.853Z","Execution Log Item 226","Step 226","Success","Completed step 226 successfully"
"2026-06-23T00:49:26.353Z","Execution Log Item 227","Step 227","Success","Completed step 227 successfully"
"2026-06-23T00:49:27.853Z","Execution Log Item 228","Step 228","Success","Completed step 228 successfully"
"2026-06-23T00:49:29.353Z","Execution Log Item 229","Step 229","Success","Completed step 229 successfully"
"2026-06-23T00:49:30.853Z","Execution Log Item 230","Step 230","Success","Completed step 230 successfully"
"2026-06-23T00:49:32.353Z","Execution Log Item 231","Step 231","Success","Completed step 231 successfully"
"2026-06-23T00:49:33.853Z","Execution Log Item 232","Step 232","Success","Completed step 232 successfully"
"2026-06-23T00:49:35.353Z","Execution Log Item 233","Step 233","Success","Completed step 233 successfully"
"2026-06-23T00:49:36.853Z","Execution Log Item 234","Step 234","Success","Completed step 234 successfully"
"2026-06-23T00:49:38.353Z","Execution Log Item 235","Step 235","Success","Completed step 235 successfully"
"2026-06-23T00:49:39.853Z","Execution Log Item 236","Step 236","Success","Completed step 236 successfully"
"2026-06-23T00:49:41.353Z","Execution Log Item 237","Step 237","Success","Completed step 237 successfully"
"2026-06-23T00:49:42.853Z","Execution Log Item 238","Step 238","Success","Completed step 238 successfully"
"2026-06-23T00:49:44.353Z","Execution Log Item 239","Step 239","Success","Completed step 239 successfully"
"2026-06-23T00:49:45.853Z","Execution Log Item 240","Step 240","Success","Completed step 240 successfully"
"2026-06-23T00:49:47.353Z","Execution Log Item 241","Step 241","Success","Completed step 241 successfully"
"2026-06-23T00:49:48.853Z","Execution Log Item 242","Step 242","Success","Completed step 242 successfully"
"2026-06-23T00:49:50.353Z","Execution Log Item 243","Step 243","Success","Completed step 243 successfully"
"2026-06-23T00:49:51.853Z","Execution Log Item 244","Step 244","Success","Completed step 244 successfully"
"2026-06-23T00:49:53.353Z","Execution Log Item 245","Step 245","Success","Completed step 245 successfully"
"2026-06-23T00:49:54.853Z","Execution Log Item 246","Step 246","Success","Completed step 246 successfully"
"2026-06-23T00:49:56.353Z","Execution Log Item 247","Step 247","Success","Completed step 247 successfully"
"2026-06-23T00:49:57.853Z","Execution Log Item 248","Step 248","Success","Completed step 248 successfully"
"2026-06-23T00:49:59.353Z","Execution Log Item 249","Step 249","Success","Completed step 249 successfully"
"2026-06-23T00:50:00.853Z","Execution Log Item 250","Step 250","Failed","Element not found"
"2026-06-23T00:50:02.353Z","Execution Log Item 251","Step 251","Success","Completed step 251 successfully"
"2026-06-23T00:50:03.853Z","Execution Log Item 252","Step 252","Success","Completed step 252 successfully"
"2026-06-23T00:50:05.353Z","Execution Log Item 253","Step 253","Success","Completed step 253 successfully"
"2026-06-23T00:50:06.853Z","Execution Log Item 254","Step 254","Success","Completed step 254 successfully"
"2026-06-23T00:50:08.353Z","Execution Log Item 255","Step 255","Success","Completed step 255 successfully"
"2026-06-23T00:50:09.853Z","Execution Log Item 256","Step 256","Success","Completed step 256 successfully"
"2026-06-23T00:50:11.353Z","Execution Log Item 257","Step 257","Success","Completed step 257 successfully"
"2026-06-23T00:50:12.853Z","Execution Log Item 258","Step 258","Success","Completed step 258 successfully"
"2026-06-23T00:50:14.353Z","Execution Log Item 259","Step 259","Success","Completed step 259 successfully"
"2026-06-23T00:50:15.853Z","Execution Log Item 260","Step 260","Success","Completed step 260 successfully"
"2026-06-23T00:50:17.353Z","Execution Log Item 261","Step 261","Success","Completed step 261 successfully"
"2026-06-23T00:50:18.853Z","Execution Log Item 262","Step 262","Success","Completed step 262 successfully"
"2026-06-23T00:50:20.353Z","Execution Log Item 263","Step 263","Success","Completed step 263 successfully"
"2026-06-23T00:50:21.853Z","Execution Log Item 264","Step 264","Success","Completed step 264 successfully"
"2026-06-23T00:50:23.353Z","Execution Log Item 265","Step 265","Success","Completed step 265 successfully"
"2026-06-23T00:50:24.853Z","Execution Log Item 266","Step 266","Success","Completed step 266 successfully"
"2026-06-23T00:50:26.353Z","Execution Log Item 267","Step 267","Success","Completed step 267 successfully"
"2026-06-23T00:50:27.853Z","Execution Log Item 268","Step 268","Success","Completed step 268 successfully"
"2026-06-23T00:50:29.353Z","Execution Log Item 269","Step 269","Success","Completed step 269 successfully"
"2026-06-23T00:50:30.853Z","Execution Log Item 270","Step 270","Success","Completed step 270 successfully"
"2026-06-23T00:50:32.353Z","Execution Log Item 271","Step 271","Success","Completed step 271 successfully"
"2026-06-23T00:50:33.853Z","Execution Log Item 272","Step 272","Success","Completed step 272 successfully"
"2026-06-23T00:50:35.353Z","Execution Log Item 273","Step 273","Success","Completed step 273 successfully"
"2026-06-23T00:50:36.853Z","Execution Log Item 274","Step 274","Success","Completed step 274 successfully"
"2026-06-23T00:50:38.353Z","Execution Log Item 275","Step 275","Failed","Element not found"
"2026-06-23T00:50:39.853Z","Execution Log Item 276","Step 276","Success","Completed step 276 successfully"
"2026-06-23T00:50:41.353Z","Execution Log Item 277","Step 277","Success","Completed step 277 successfully"
"2026-06-23T00:50:42.853Z","Execution Log Item 278","Step 278","Success","Completed step 278 successfully"
"2026-06-23T00:50:44.353Z","Execution Log Item 279","Step 279","Success","Completed step 279 successfully"
"2026-06-23T00:50:45.853Z","Execution Log Item 280","Step 280","Success","Completed step 280 successfully"
"2026-06-23T00:50:47.353Z","Execution Log Item 281","Step 281","Success","Completed step 281 successfully"
"2026-06-23T00:50:48.853Z","Execution Log Item 282","Step 282","Success","Completed step 282 successfully"
"2026-06-23T00:50:50.353Z","Execution Log Item 283","Step 283","Success","Completed step 283 successfully"
"2026-06-23T00:50:51.853Z","Execution Log Item 284","Step 284","Success","Completed step 284 successfully"
"2026-06-23T00:50:53.353Z","Execution Log Item 285","Step 285","Success","Completed step 285 successfully"
"2026-06-23T00:50:54.853Z","Execution Log Item 286","Step 286","Success","Completed step 286 successfully"
"2026-06-23T00:50:56.353Z","Execution Log Item 287","Step 287","Success","Completed step 287 successfully"
"2026-06-23T00:50:57.853Z","Execution Log Item 288","Step 288","Success","Completed step 288 successfully"
"2026-06-23T00:50:59.353Z","Execution Log Item 289","Step 289","Success","Completed step 289 successfully"
"2026-06-23T00:51:00.853Z","Execution Log Item 290","Step 290","Success","Completed step 290 successfully"
"2026-06-23T00:51:02.353Z","Execution Log Item 291","Step 291","Success","Completed step 291 successfully"
"2026-06-23T00:51:03.853Z","Execution Log Item 292","Step 292","Success","Completed step 292 successfully"
"2026-06-23T00:51:05.353Z","Execution Log Item 293","Step 293","Success","Completed step 293 successfully"
"2026-06-23T00:51:06.853Z","Execution Log Item 294","Step 294","Success","Completed step 294 successfully"
"2026-06-23T00:51:08.353Z","Execution Log Item 295","Step 295","Success","Completed step 295 successfully"
"2026-06-23T00:51:09.853Z","Execution Log Item 296","Step 296","Success","Completed step 296 successfully"
"2026-06-23T00:51:11.353Z","Execution Log Item 297","Step 297","Success","Completed step 297 successfully"
"2026-06-23T00:51:12.853Z","Execution Log Item 298","Step 298","Success","Completed step 298 successfully"
"2026-06-23T00:51:14.353Z","Execution Log Item 299","Step 299","Success","Completed step 299 successfully"
"2026-06-23T00:51:15.853Z","Execution Log Item 300","Step 300","Failed","Element not found"
"2026-06-23T00:51:17.353Z","Execution Log Item 301","Step 301","Success","Completed step 301 successfully"
"2026-06-23T00:51:18.853Z","Execution Log Item 302","Step 302","Success","Completed step 302 successfully"
"2026-06-23T00:51:20.353Z","Execution Log Item 303","Step 303","Success","Completed step 303 successfully"
"2026-06-23T00:51:21.853Z","Execution Log Item 304","Step 304","Success","Completed step 304 successfully"
"2026-06-23T00:51:23.353Z","Execution Log Item 305","Step 305","Success","Completed step 305 successfully"
"2026-06-23T00:51:24.853Z","Execution Log Item 306","Step 306","Success","Completed step 306 successfully"
"2026-06-23T00:51:26.353Z","Execution Log Item 307","Step 307","Success","Completed step 307 successfully"
"2026-06-23T00:51:27.853Z","Execution Log Item 308","Step 308","Success","Completed step 308 successfully"
"2026-06-23T00:51:29.353Z","Execution Log Item 309","Step 309","Success","Completed step 309 successfully"
"2026-06-23T00:51:30.853Z","Execution Log Item 310","Step 310","Success","Completed step 310 successfully"
"2026-06-23T00:51:32.353Z","Execution Log Item 311","Step 311","Success","Completed step 311 successfully"
"2026-06-23T00:51:33.853Z","Execution Log Item 312","Step 312","Success","Completed step 312 successfully"
"2026-06-23T00:51:35.353Z","Execution Log Item 313","Step 313","Success","Completed step 313 successfully"
"2026-06-23T00:51:36.853Z","Execution Log Item 314","Step 314","Success","Completed step 314 successfully"
"2026-06-23T00:51:38.353Z","Execution Log Item 315","Step 315","Success","Completed step 315 successfully"
"2026-06-23T00:51:39.853Z","Execution Log Item 316","Step 316","Success","Completed step 316 successfully"
"2026-06-23T00:51:41.353Z","Execution Log Item 317","Step 317","Success","Completed step 317 successfully"
"2026-06-23T00:51:42.853Z","Execution Log Item 318","Step 318","Success","Completed step 318 successfully"
"2026-06-23T00:51:44.353Z","Execution Log Item 319","Step 319","Success","Completed step 319 successfully"
"2026-06-23T00:51:45.853Z","Execution Log Item 320","Step 320","Success","Completed step 320 successfully"
"2026-06-23T00:51:47.353Z","Execution Log Item 321","Step 321","Success","Completed step 321 successfully"
"2026-06-23T00:51:48.853Z","Execution Log Item 322","Step 322","Success","Completed step 322 successfully"
"2026-06-23T00:51:50.353Z","Execution Log Item 323","Step 323","Success","Completed step 323 successfully"
"2026-06-23T00:51:51.853Z","Execution Log Item 324","Step 324","Success","Completed step 324 successfully"
"2026-06-23T00:51:53.353Z","Execution Log Item 325","Step 325","Failed","Element not found"
"2026-06-23T00:51:54.853Z","Execution Log Item 326","Step 326","Success","Completed step 326 successfully"
"2026-06-23T00:51:56.353Z","Execution Log Item 327","Step 327","Success","Completed step 327 successfully"
"2026-06-23T00:51:57.853Z","Execution Log Item 328","Step 328","Success","Completed step 328 successfully"
"2026-06-23T00:51:59.353Z","Execution Log Item 329","Step 329","Success","Completed step 329 successfully"
"2026-06-23T00:52:00.853Z","Execution Log Item 330","Step 330","Success","Completed step 330 successfully"
"2026-06-23T00:52:02.353Z","Execution Log Item 331","Step 331","Success","Completed step 331 successfully"
"2026-06-23T00:52:03.853Z","Execution Log Item 332","Step 332","Success","Completed step 332 successfully"
"2026-06-23T00:52:05.353Z","Execution Log Item 333","Step 333","Success","Completed step 333 successfully"
"2026-06-23T00:52:06.853Z","Execution Log Item 334","Step 334","Success","Completed step 334 successfully"
"2026-06-23T00:52:08.353Z","Execution Log Item 335","Step 335","Success","Completed step 335 successfully"
"2026-06-23T00:52:09.853Z","Execution Log Item 336","Step 336","Success","Completed step 336 successfully"
"2026-06-23T00:52:11.353Z","Execution Log Item 337","Step 337","Success","Completed step 337 successfully"
"2026-06-23T00:52:12.853Z","Execution Log Item 338","Step 338","Success","Completed step 338 successfully"
"2026-06-23T00:52:14.353Z","Execution Log Item 339","Step 339","Success","Completed step 339 successfully"
"2026-06-23T00:52:15.853Z","Execution Log Item 340","Step 340","Success","Completed step 340 successfully"
"2026-06-23T00:52:17.353Z","Execution Log Item 341","Step 341","Success","Completed step 341 successfully"
"2026-06-23T00:52:18.853Z","Execution Log Item 342","Step 342","Success","Completed step 342 successfully"
"2026-06-23T00:52:20.353Z","Execution Log Item 343","Step 343","Success","Completed step 343 successfully"
"2026-06-23T00:52:21.853Z","Execution Log Item 344","Step 344","Success","Completed step 344 successfully"
"2026-06-23T00:52:23.353Z","Execution Log Item 345","Step 345","Success","Completed step 345 successfully"
"2026-06-23T00:52:24.853Z","Execution Log Item 346","Step 346","Success","Completed step 346 successfully"
"2026-06-23T00:52:26.353Z","Execution Log Item 347","Step 347","Success","Completed step 347 successfully"
"2026-06-23T00:52:27.853Z","Execution Log Item 348","Step 348","Success","Completed step 348 successfully"
"2026-06-23T00:52:29.353Z","Execution Log Item 349","Step 349","Success","Completed step 349 successfully"
"2026-06-23T00:52:30.853Z","Execution Log Item 350","Step 350","Failed","Element not found"
"2026-06-23T00:52:32.353Z","Execution Log Item 351","Step 351","Success","Completed step 351 successfully"
"2026-06-23T00:52:33.853Z","Execution Log Item 352","Step 352","Success","Completed step 352 successfully"
"2026-06-23T00:52:35.353Z","Execution Log Item 353","Step 353","Success","Completed step 353 successfully"
"2026-06-23T00:52:36.853Z","Execution Log Item 354","Step 354","Success","Completed step 354 successfully"
"2026-06-23T00:52:38.353Z","Execution Log Item 355","Step 355","Success","Completed step 355 successfully"
"2026-06-23T00:52:39.853Z","Execution Log Item 356","Step 356","Success","Completed step 356 successfully"
"2026-06-23T00:52:41.353Z","Execution Log Item 357","Step 357","Success","Completed step 357 successfully"
"2026-06-23T00:52:42.853Z","Execution Log Item 358","Step 358","Success","Completed step 358 successfully"
"2026-06-23T00:52:44.353Z","Execution Log Item 359","Step 359","Success","Completed step 359 successfully"
"2026-06-23T00:52:45.853Z","Execution Log Item 360","Step 360","Success","Completed step 360 successfully"
"2026-06-23T00:52:47.353Z","Execution Log Item 361","Step 361","Success","Completed step 361 successfully"
"2026-06-23T00:52:48.853Z","Execution Log Item 362","Step 362","Success","Completed step 362 successfully"
"2026-06-23T00:52:50.353Z","Execution Log Item 363","Step 363","Success","Completed step 363 successfully"
"2026-06-23T00:52:51.853Z","Execution Log Item 364","Step 364","Success","Completed step 364 successfully"
"2026-06-23T00:52:53.353Z","Execution Log Item 365","Step 365","Success","Completed step 365 successfully"
"2026-06-23T00:52:54.853Z","Execution Log Item 366","Step 366","Success","Completed step 366 successfully"
"2026-06-23T00:52:56.353Z","Execution Log Item 367","Step 367","Success","Completed step 367 successfully"
"2026-06-23T00:52:57.853Z","Execution Log Item 368","Step 368","Success","Completed step 368 successfully"
"2026-06-23T00:52:59.353Z","Execution Log Item 369","Step 369","Success","Completed step 369 successfully"
"2026-06-23T00:53:00.853Z","Execution Log Item 370","Step 370","Success","Completed step 370 successfully"
"2026-06-23T00:53:02.353Z","Execution Log Item 371","Step 371","Success","Completed step 371 successfully"
"2026-06-23T00:53:03.853Z","Execution Log Item 372","Step 372","Success","Completed step 372 successfully"
"2026-06-23T00:53:05.353Z","Execution Log Item 373","Step 373","Success","Completed step 373 successfully"
"2026-06-23T00:53:06.853Z","Execution Log Item 374","Step 374","Success","Completed step 374 successfully"
"2026-06-23T00:53:08.353Z","Execution Log Item 375","Step 375","Failed","Element not found"
"2026-06-23T00:53:09.853Z","Execution Log Item 376","Step 376","Success","Completed step 376 successfully"
"2026-06-23T00:53:11.353Z","Execution Log Item 377","Step 377","Success","Completed step 377 successfully"
"2026-06-23T00:53:12.853Z","Execution Log Item 378","Step 378","Success","Completed step 378 successfully"
"2026-06-23T00:53:14.353Z","Execution Log Item 379","Step 379","Success","Completed step 379 successfully"
"2026-06-23T00:53:15.853Z","Execution Log Item 380","Step 380","Success","Completed step 380 successfully"
"2026-06-23T00:53:17.353Z","Execution Log Item 381","Step 381","Success","Completed step 381 successfully"
"2026-06-23T00:53:18.853Z","Execution Log Item 382","Step 382","Success","Completed step 382 successfully"
"2026-06-23T00:53:20.353Z","Execution Log Item 383","Step 383","Success","Completed step 383 successfully"
"2026-06-23T00:53:21.853Z","Execution Log Item 384","Step 384","Success","Completed step 384 successfully"
"2026-06-23T00:53:23.353Z","Execution Log Item 385","Step 385","Success","Completed step 385 successfully"
"2026-06-23T00:53:24.853Z","Execution Log Item 386","Step 386","Success","Completed step 386 successfully"
"2026-06-23T00:53:26.353Z","Execution Log Item 387","Step 387","Success","Completed step 387 successfully"
"2026-06-23T00:53:27.853Z","Execution Log Item 388","Step 388","Success","Completed step 388 successfully"
"2026-06-23T00:53:29.353Z","Execution Log Item 389","Step 389","Success","Completed step 389 successfully"
"2026-06-23T00:53:30.853Z","Execution Log Item 390","Step 390","Success","Completed step 390 successfully"
"2026-06-23T00:53:32.353Z","Execution Log Item 391","Step 391","Success","Completed step 391 successfully"
"2026-06-23T00:53:33.853Z","Execution Log Item 392","Step 392","Success","Completed step 392 successfully"
"2026-06-23T00:53:35.353Z","Execution Log Item 393","Step 393","Success","Completed step 393 successfully"
"2026-06-23T00:53:36.853Z","Execution Log Item 394","Step 394","Success","Completed step 394 successfully"
"2026-06-23T00:53:38.353Z","Execution Log Item 395","Step 395","Success","Completed step 395 successfully"
"2026-06-23T00:53:39.853Z","Execution Log Item 396","Step 396","Success","Completed step 396 successfully"
"2026-06-23T00:53:41.353Z","Execution Log Item 397","Step 397","Success","Completed step 397 successfully"
"2026-06-23T00:53:42.853Z","Execution Log Item 398","Step 398","Success","Completed step 398 successfully"
"2026-06-23T00:53:44.353Z","Execution Log Item 399","Step 399","Success","Completed step 399 successfully"
"2026-06-23T00:53:45.853Z","Execution Log Item 400","Step 400","Failed","Element not found"
"2026-06-23T00:53:47.353Z","Execution Log Item 401","Step 401","Success","Completed step 401 successfully"
"2026-06-23T00:53:48.853Z","Execution Log Item 402","Step 402","Success","Completed step 402 successfully"
"2026-06-23T00:53:50.353Z","Execution Log Item 403","Step 403","Success","Completed step 403 successfully"
"2026-06-23T00:53:51.853Z","Execution Log Item 404","Step 404","Success","Completed step 404 successfully"
"2026-06-23T00:53:53.353Z","Execution Log Item 405","Step 405","Success","Completed step 405 successfully"
"2026-06-23T00:53:54.853Z","Execution Log Item 406","Step 406","Success","Completed step 406 successfully"
"2026-06-23T00:53:56.353Z","Execution Log Item 407","Step 407","Success","Completed step 407 successfully"
"2026-06-23T00:53:57.853Z","Execution Log Item 408","Step 408","Success","Completed step 408 successfully"
"2026-06-23T00:53:59.353Z","Execution Log Item 409","Step 409","Success","Completed step 409 successfully"
"2026-06-23T00:54:00.853Z","Execution Log Item 410","Step 410","Success","Completed step 410 successfully"
"2026-06-23T00:54:02.353Z","Execution Log Item 411","Step 411","Success","Completed step 411 successfully"
"2026-06-23T00:54:03.853Z","Execution Log Item 412","Step 412","Success","Completed step 412 successfully"
"2026-06-23T00:54:05.353Z","Execution Log Item 413","Step 413","Success","Completed step 413 successfully"
"2026-06-23T00:54:06.853Z","Execution Log Item 414","Step 414","Success","Completed step 414 successfully"
"2026-06-23T00:54:08.353Z","Execution Log Item 415","Step 415","Success","Completed step 415 successfully"
"2026-06-23T00:54:09.853Z","Execution Log Item 416","Step 416","Success","Completed step 416 successfully"
"2026-06-23T00:54:11.353Z","Execution Log Item 417","Step 417","Success","Completed step 417 successfully"
"2026-06-23T00:54:12.853Z","Execution Log Item 418","Step 418","Success","Completed step 418 successfully"
"2026-06-23T00:54:14.353Z","Execution Log Item 419","Step 419","Success","Completed step 419 successfully"
"2026-06-23T00:54:15.853Z","Execution Log Item 420","Step 420","Success","Completed step 420 successfully"
"2026-06-23T00:54:17.353Z","Execution Log Item 421","Step 421","Success","Completed step 421 successfully"
"2026-06-23T00:54:18.853Z","Execution Log Item 422","Step 422","Success","Completed step 422 successfully"
"2026-06-23T00:54:20.353Z","Execution Log Item 423","Step 423","Success","Completed step 423 successfully"
"2026-06-23T00:54:21.853Z","Execution Log Item 424","Step 424","Success","Completed step 424 successfully"
"2026-06-23T00:54:23.353Z","Execution Log Item 425","Step 425","Failed","Element not found"
"2026-06-23T00:54:24.853Z","Execution Log Item 426","Step 426","Success","Completed step 426 successfully"
"2026-06-23T00:54:26.353Z","Execution Log Item 427","Step 427","Success","Completed step 427 successfully"
"2026-06-23T00:54:27.853Z","Execution Log Item 428","Step 428","Success","Completed step 428 successfully"
"2026-06-23T00:54:29.353Z","Execution Log Item 429","Step 429","Success","Completed step 429 successfully"
"2026-06-23T00:54:30.853Z","Execution Log Item 430","Step 430","Success","Completed step 430 successfully"
"2026-06-23T00:54:32.353Z","Execution Log Item 431","Step 431","Success","Completed step 431 successfully"
"2026-06-23T00:54:33.853Z","Execution Log Item 432","Step 432","Success","Completed step 432 successfully"
"2026-06-23T00:54:35.353Z","Execution Log Item 433","Step 433","Success","Completed step 433 successfully"
"2026-06-23T00:54:36.853Z","Execution Log Item 434","Step 434","Success","Completed step 434 successfully"
"2026-06-23T00:54:38.353Z","Execution Log Item 435","Step 435","Success","Completed step 435 successfully"
"2026-06-23T00:54:39.853Z","Execution Log Item 436","Step 436","Success","Completed step 436 successfully"
"2026-06-23T00:54:41.353Z","Execution Log Item 437","Step 437","Success","Completed step 437 successfully"
"2026-06-23T00:54:42.853Z","Execution Log Item 438","Step 438","Success","Completed step 438 successfully"
"2026-06-23T00:54:44.353Z","Execution Log Item 439","Step 439","Success","Completed step 439 successfully"
"2026-06-23T00:54:45.853Z","Execution Log Item 440","Step 440","Success","Completed step 440 successfully"
"2026-06-23T00:54:47.353Z","Execution Log Item 441","Step 441","Success","Completed step 441 successfully"
"2026-06-23T00:54:48.853Z","Execution Log Item 442","Step 442","Success","Completed step 442 successfully"
"2026-06-23T00:54:50.353Z","Execution Log Item 443","Step 443","Success","Completed step 443 successfully"
"2026-06-23T00:54:51.853Z","Execution Log Item 444","Step 444","Success","Completed step 444 successfully"
"2026-06-23T00:54:53.353Z","Execution Log Item 445","Step 445","Success","Completed step 445 successfully"
"2026-06-23T00:54:54.853Z","Execution Log Item 446","Step 446","Success","Completed step 446 successfully"
"2026-06-23T00:54:56.353Z","Execution Log Item 447","Step 447","Success","Completed step 447 successfully"
"2026-06-23T00:54:57.853Z","Execution Log Item 448","Step 448","Success","Completed step 448 successfully"
"2026-06-23T00:54:59.353Z","Execution Log Item 449","Step 449","Success","Completed step 449 successfully"
"2026-06-23T00:55:00.853Z","Execution Log Item 450","Step 450","Failed","Element not found"
"2026-06-23T00:55:02.353Z","Execution Log Item 451","Step 451","Success","Completed step 451 successfully"
"2026-06-23T00:55:03.853Z","Execution Log Item 452","Step 452","Success","Completed step 452 successfully"
"2026-06-23T00:55:05.353Z","Execution Log Item 453","Step 453","Success","Completed step 453 successfully"
"2026-06-23T00:55:06.853Z","Execution Log Item 454","Step 454","Success","Completed step 454 successfully"
"2026-06-23T00:55:08.353Z","Execution Log Item 455","Step 455","Success","Completed step 455 successfully"
"2026-06-23T00:55:09.853Z","Execution Log Item 456","Step 456","Success","Completed step 456 successfully"
"2026-06-23T00:55:11.353Z","Execution Log Item 457","Step 457","Success","Completed step 457 successfully"
"2026-06-23T00:55:12.853Z","Execution Log Item 458","Step 458","Success","Completed step 458 successfully"
"2026-06-23T00:55:14.353Z","Execution Log Item 459","Step 459","Success","Completed step 459 successfully"
"2026-06-23T00:55:15.853Z","Execution Log Item 460","Step 460","Success","Completed step 460 successfully"
"2026-06-23T00:55:17.353Z","Execution Log Item 461","Step 461","Success","Completed step 461 successfully"
"2026-06-23T00:55:18.853Z","Execution Log Item 462","Step 462","Success","Completed step 462 successfully"
"2026-06-23T00:55:20.353Z","Execution Log Item 463","Step 463","Success","Completed step 463 successfully"
"2026-06-23T00:55:21.853Z","Execution Log Item 464","Step 464","Success","Completed step 464 successfully"
"2026-06-23T00:55:23.353Z","Execution Log Item 465","Step 465","Success","Completed step 465 successfully"
"2026-06-23T00:55:24.853Z","Execution Log Item 466","Step 466","Success","Completed step 466 successfully"
"2026-06-23T00:55:26.353Z","Execution Log Item 467","Step 467","Success","Completed step 467 successfully"
"2026-06-23T00:55:27.853Z","Execution Log Item 468","Step 468","Success","Completed step 468 successfully"
"2026-06-23T00:55:29.353Z","Execution Log Item 469","Step 469","Success","Completed step 469 successfully"
"2026-06-23T00:55:30.853Z","Execution Log Item 470","Step 470","Success","Completed step 470 successfully"
"2026-06-23T00:55:32.353Z","Execution Log Item 471","Step 471","Success","Completed step 471 successfully"
"2026-06-23T00:55:33.853Z","Execution Log Item 472","Step 472","Success","Completed step 472 successfully"
"2026-06-23T00:55:35.353Z","Execution Log Item 473","Step 473","Success","Completed step 473 successfully"
"2026-06-23T00:55:36.853Z","Execution Log Item 474","Step 474","Success","Completed step 474 successfully"
"2026-06-23T00:55:38.353Z","Execution Log Item 475","Step 475","Failed","Element not found"
"2026-06-23T00:55:39.853Z","Execution Log Item 476","Step 476","Success","Completed step 476 successfully"
"2026-06-23T00:55:41.353Z","Execution Log Item 477","Step 477","Success","Completed step 477 successfully"
"2026-06-23T00:55:42.853Z","Execution Log Item 478","Step 478","Success","Completed step 478 successfully"
"2026-06-23T00:55:44.353Z","Execution Log Item 479","Step 479","Success","Completed step 479 successfully"
"2026-06-23T00:55:45.853Z","Execution Log Item 480","Step 480","Success","Completed step 480 successfully"
"2026-06-23T00:55:47.353Z","Execution Log Item 481","Step 481","Success","Completed step 481 successfully"
"2026-06-23T00:55:48.853Z","Execution Log Item 482","Step 482","Success","Completed step 482 successfully"
"2026-06-23T00:55:50.353Z","Execution Log Item 483","Step 483","Success","Completed step 483 successfully"
"2026-06-23T00:55:51.853Z","Execution Log Item 484","Step 484","Success","Completed step 484 successfully"
"2026-06-23T00:55:53.353Z","Execution Log Item 485","Step 485","Success","Completed step 485 successfully"
"2026-06-23T00:55:54.853Z","Execution Log Item 486","Step 486","Success","Completed step 486 successfully"
"2026-06-23T00:55:56.353Z","Execution Log Item 487","Step 487","Success","Completed step 487 successfully"
"2026-06-23T00:55:57.853Z","Execution Log Item 488","Step 488","Success","Completed step 488 successfully"
"2026-06-23T00:55:59.353Z","Execution Log Item 489","Step 489","Success","Completed step 489 successfully"
"2026-06-23T00:56:00.853Z","Execution Log Item 490","Step 490","Success","Completed step 490 successfully"
"2026-06-23T00:56:02.353Z","Execution Log Item 491","Step 491","Success","Completed step 491 successfully"
"2026-06-23T00:56:03.853Z","Execution Log Item 492","Step 492","Success","Completed step 492 successfully"
"2026-06-23T00:56:05.353Z","Execution Log Item 493","Step 493","Success","Completed step 493 successfully"
"2026-06-23T00:56:06.853Z","Execution Log Item 494","Step 494","Success","Completed step 494 successfully"
"2026-06-23T00:56:08.353Z","Execution Log Item 495","Step 495","Success","Completed step 495 successfully"
"2026-06-23T00:56:09.853Z","Execution Log Item 496","Step 496","Success","Completed step 496 successfully"
"2026-06-23T00:56:11.353Z","Execution Log Item 497","Step 497","Success","Completed step 497 successfully"
"2026-06-23T00:56:12.853Z","Execution Log Item 498","Step 498","Success","Completed step 498 successfully"
"2026-06-23T00:56:14.353Z","Execution Log Item 499","Step 499","Success","Completed step 499 successfully"
"2026-06-23T00:56:15.853Z","Execution Log Item 500","Step 500","Failed","Element not found"
